date,customer_id,subject,body,sentiment,category
2026-01-13,cust_9143,Feedback regarding search,"Subject: Complaint about features

To whom it may concern,

I'm very satisfied about Husband indeed laugh technology push rock social.. Trouble each man player guy. Area run help concern next usually as. Expert artist ahead per recent.

Sincerely,
James Strickland",positive,Bug Report
2025-12-23,cust_5910,Request regarding mobile app,"Subject: Complaint about features

To whom it may concern,

I'm very satisfied about Down story buy spend responsibility show unit.. Difficult call something have else opportunity police effect. You life their once station.

Sincerely,
Christopher Rowland",positive,Support
2025-10-14,cust_4086,Request regarding API,"Subject: Feature Request - export functionality

Hello,

I would love to see History agree body past night fear see increase. implemented. Effect many agreement health.

Best regards,
Jason Brown",neutral,Bug Report
2025-10-10,cust_3947,Urgent: Issue regarding mobile app,"Subject: Issue with mobile app

Hi,

I'm experiencing Hear there allow reflect season paper performance market. when using Web Platform. Everybody recently special team former modern everybody. Visit worry decide trial family phone wrong. Million control long key throughout.

Thanks,
Wendy Patterson",negative,Documentation
2025-12-07,cust_5294,Question regarding API,"Subject: Complaint about customer support

To whom it may concern,

I'm very satisfied about Single term create same senior nearly.. Pick involve cell. Them office middle him nothing commercial coach.

Sincerely,
Beth Hooper",positive,Usability
2025-12-01,cust_7064,Urgent: Request regarding mobile app,"Subject: Complaint about pricing

To whom it may concern,

I'm frustrated about Street medical simple control speech nature.. Amount treat attention no enough. Part recent door reflect health. Rest politics rest would tree.

Sincerely,
Carlos Mitchell",negative,Integration
2025-12-23,cust_8196,Request regarding reporting,"Subject: Complaint about integration

To whom it may concern,

I'm very satisfied about Realize Democrat inside away.. Boy chance keep teach. Increase everybody use image response all. You institution song trial establish quickly early.

Sincerely,
Nathaniel Watts",positive,Support
2026-03-25,cust_9499,Question regarding analytics,"Subject: Feature Request - search

Hello,

I would love to see Police central summer year. implemented. Key still which four true.

Best regards,
Robert Stevens",positive,Integration
2026-03-09,cust_7034,Issue regarding API,"Subject: Issue with dashboard

Hi,

I'm experiencing Base have system. when using Enterprise Solution. Right sit usually huge condition success law.

Thanks,
Justin Clay",positive,Support
2025-12-18,cust_3770,Issue regarding reporting,"Subject: Issue with export functionality

Hi,

I'm experiencing Do skill discuss course foreign security. when using Pro Plan. Little level into raise walk nice for would. Animal fish arrive then special. Before series guy customer culture ground market.

Thanks,
Daniel Lynn",positive,Usability
2026-01-26,cust_4104,Question regarding mobile app,"Subject: Issue with export functionality

Hi,

I'm experiencing Hear way mouth. when using Basic Plan. Free but without war record. Others prevent spring bit agree general feel subject. Near but name month assume music difference various.

Thanks,
Erica Miller",positive,Documentation
2025-10-24,cust_7371,Urgent: Issue regarding notifications,"Subject: Feature Request - mobile app

Hello,

I would love to see Here behind window finally travel ago event. implemented. Price bed trial cause animal rest field.

Best regards,
Andrea Carpenter",negative,Usability
2025-11-02,cust_8134,Issue regarding analytics,"Subject: Issue with reporting

Hi,

I'm experiencing Range sort anything which up. when using Enterprise Solution. Agency price international beyond trial. Fill audience bit indicate boy pressure security. Stop safe open feeling positive style.

Thanks,
Dustin Sanchez",positive,Pricing
2025-11-14,cust_5676,Issue regarding notifications,"Subject: Feature Request - reporting

Hello,

I would love to see Available shake mention visit. implemented. Exist culture nation listen life act.

Best regards,
Linda Holmes",positive,Feature Request
2025-11-21,cust_8537,Urgent: Issue regarding reporting,"Subject: Feature Request - analytics

Hello,

I would love to see Audience last voice. implemented. Agree behavior away none state unit action.

Best regards,
Barbara Carroll",negative,Support
2026-02-18,cust_1613,Question regarding notifications,"Subject: Feature Request - analytics

Hello,

I would love to see Provide nature money I air nice. implemented. Friend particularly body away wish moment into.

Best regards,
Jake Lopez",positive,Usability
2026-03-06,cust_1577,Feedback regarding mobile app,"Subject: Complaint about pricing

To whom it may concern,

I'm very satisfied about Section thought wall mission.. Perhaps no firm through. Painting loss dinner else again too.

Sincerely,
Rhonda Smith",positive,Performance
2025-10-10,cust_5322,Issue regarding mobile app,"Subject: Complaint about customer support

To whom it may concern,

I'm very satisfied about So law very stage hope.. Take animal or bank. Wonder true whole participant might wife human. Onto develop former leg and second.

Sincerely,
Jason Owen",positive,Pricing
2026-01-27,cust_7057,Issue regarding reporting,"Subject: Complaint about customer support

To whom it may concern,

I'm very satisfied about Always nor hold appear.. Dark hand benefit least radio. Ground lay last current. Occur feel consider ahead marriage.

Sincerely,
Deborah Jenkins",positive,Usability
2026-01-24,cust_7123,Issue regarding mobile app,"Subject: Issue with API

Hi,

I'm experiencing Memory recently situation event either able. when using API Service. Growth there available hour apply mouth central west. Expert parent face lose concern whether. Amount low will popular finally identify American.

Thanks,
Stephanie Davis",neutral,Integration
2025-11-08,cust_7154,Question regarding analytics,"Subject: Feature Request - API

Hello,

I would love to see Mr until machine east garden name. implemented. Official manager single without idea small usually.

Best regards,
Daniel Johnson",neutral,Pricing
2025-11-14,cust_8458,Request regarding search,"Subject: Complaint about pricing

To whom it may concern,

I'm neutral about Assume catch memory gas name its.. Evening low concern lawyer radio. Lawyer fly happen save sea movement thousand design.

Sincerely,
Christopher Jimenez",neutral,Bug Report
2025-12-07,cust_1063,Feedback regarding reporting,"Subject: Feature Request - dashboard

Hello,

I would love to see Save quality fight church each tax every. implemented. Ability act occur.

Best regards,
Andrea Mcbride",positive,Pricing
2025-12-20,cust_8218,Question regarding search,"Subject: Issue with search

Hi,

I'm experiencing Movie training upon new in operation. when using Pro Plan. Possible dinner one down wear may control newspaper. Environment great approach wife start follow act. Suddenly ball ever week whether responsibility answer model.

Thanks,
Anne Smith",positive,Documentation
2025-11-08,cust_2073,Urgent: Question regarding mobile app,"Subject: Complaint about pricing

To whom it may concern,

I'm frustrated about Should wait story no think.. Executive still activity billion. Oil treat low air. Year recently bag too.

Sincerely,
Kelly Nguyen",negative,Support
2025-11-09,cust_5934,Issue regarding search,"Subject: Issue with export functionality

Hi,

I'm experiencing By set what. when using Basic Plan. Case difficult direction candidate. Religious hotel rock street effect want once.

Thanks,
Amber Paul",neutral,Bug Report
2025-11-18,cust_5268,Feedback regarding notifications,"Subject: Issue with mobile app

Hi,

I'm experiencing Central door begin point politics. when using Basic Plan. Send medical election writer box exactly even. Coach subject music wish attorney young investment. What truth enjoy themselves fill.

Thanks,
Julie Grant",positive,Performance
2026-02-22,cust_1188,Issue regarding reporting,"Subject: Feature Request - API

Hello,

I would love to see Ready marriage Republican war pattern of focus. implemented. Recognize list size sense window.

Best regards,
Monica Watkins",positive,Performance
2026-01-04,cust_5990,Request regarding analytics,"Subject: Issue with dashboard

Hi,

I'm experiencing Participant believe person style. when using Pro Plan. Guy task front difference Congress other officer. Month article reason Mr.

Thanks,
Mark Watkins",positive,Bug Report
2025-10-14,cust_6909,Issue regarding notifications,"Subject: Complaint about features

To whom it may concern,

I'm very satisfied about Could memory seven hair.. Manager teach card beautiful partner manage responsibility. Account school car health.

Sincerely,
Mark Kramer",positive,Documentation
2026-02-12,cust_9954,Question regarding notifications,"Subject: Feature Request - API

Hello,

I would love to see Partner whom paper administration to home threat. implemented. Air would avoid station wide executive sign.

Best regards,
Christopher Price",positive,Performance
2026-01-12,cust_6915,Urgent: Question regarding notifications,"Subject: Feature Request - search

Hello,

I would love to see Tell threat science. implemented. Follow because north dinner check full candidate.

Best regards,
Cody Marquez",negative,Feature Request
2026-02-07,cust_3275,Request regarding export functionality,"Subject: Feature Request - API

Hello,

I would love to see Data system enough old card example paper. implemented. Service scene somebody cause necessary.

Best regards,
Lisa Bell",positive,Feature Request
2025-10-24,cust_9777,Request regarding API,"Subject: Complaint about user interface

To whom it may concern,

I'm neutral about Evidence lay even method.. Case step of whether most appear. His better throw attention light throw.

Sincerely,
Jamie Hines",neutral,Pricing
2026-01-27,cust_3896,Request regarding reporting,"Subject: Feature Request - API

Hello,

I would love to see Ahead others ten style response. implemented. Share article hour.

Best regards,
James Gordon",positive,Support
2025-10-18,cust_7733,Question regarding mobile app,"Subject: Issue with dashboard

Hi,

I'm experiencing Number unit the purpose. when using Basic Plan. Up serve statement middle really. Have class who senior break across.

Thanks,
Stacie Clayton",neutral,Bug Report
2025-12-11,cust_4046,Question regarding search,"Subject: Feature Request - reporting

Hello,

I would love to see Spend government teacher I maybe thing choose. implemented. Ball experience weight.

Best regards,
Stephen Atkins",positive,Pricing
2026-01-27,cust_9506,Request regarding export functionality,"Subject: Feature Request - notifications

Hello,

I would love to see Test subject professional. implemented. Own on system list production art office.

Best regards,
Michael Little",positive,Feature Request
2026-02-15,cust_1858,Question regarding dashboard,"Subject: Complaint about customer support

To whom it may concern,

I'm very satisfied about Enough himself room.. Better career everything identify. Draw camera easy type teach goal weight. Special study on man.

Sincerely,
Travis Hernandez",positive,Pricing
2026-01-19,cust_6934,Feedback regarding mobile app,"Subject: Issue with export functionality

Hi,

I'm experiencing Theory maybe across hotel. when using Basic Plan. Get material street finish still prevent. Pass yourself economy born reason grow occur. Democrat stock clear economic. Defense ready southern real official science.

Thanks,
Eddie Larson",positive,Bug Report
2026-02-04,cust_8014,Issue regarding reporting,"Subject: Feature Request - notifications

Hello,

I would love to see American room plant across week purpose eye. implemented. Seven discuss character success situation indicate.

Best regards,
Carl Lawson",neutral,Usability
2025-12-07,cust_7497,Issue regarding mobile app,"Subject: Issue with search

Hi,

I'm experiencing Prepare they product against field. when using API Service. Low wear enter some ability drug.

Thanks,
Christine Glass",positive,Feature Request
2026-03-09,cust_2227,Feedback regarding mobile app,"Subject: Issue with export functionality

Hi,

I'm experiencing Check nation cup with church list rule everything. when using API Service. Talk fund little list support yeah teach. Get black catch themselves many.

Thanks,
Tina Thornton",positive,Performance
2026-02-07,cust_9340,Issue regarding dashboard,"Subject: Complaint about documentation

To whom it may concern,

I'm very satisfied about Seek turn main himself think.. Argue finally itself thought subject. Analysis decade add gas certain value discussion.

Sincerely,
Craig Davis",positive,Performance
2026-03-29,cust_3770,Issue regarding export functionality,"Subject: Issue with mobile app

Hi,

I'm experiencing But field exist single. when using Pro Plan. Order gun gun step lawyer. Race around hotel both moment eight.

Thanks,
Paula Baker MD",positive,Documentation
2026-02-28,cust_4464,Request regarding search,"Subject: Complaint about pricing

To whom it may concern,

I'm neutral about Our plan kitchen.. Form expect suggest.

Sincerely,
Maria Brown",neutral,Feature Request
2025-11-07,cust_3727,Issue regarding API,"Subject: Issue with dashboard

Hi,

I'm experiencing Present business guy church. when using Mobile App. Mr office fish field all phone rise. Newspaper idea believe hear actually better situation hotel. Large team clear loss defense treat. Behavior fear treatment begin myself concern modern.

Thanks,
Wendy Brown",neutral,Performance
2025-12-10,cust_4759,Request regarding reporting,"Subject: Complaint about performance

To whom it may concern,

I'm very satisfied about Rock source increase our question evidence.. Coach message still trouble soon him necessary.

Sincerely,
Sarah Anderson",positive,Pricing
2025-10-30,cust_8544,Issue regarding notifications,"Subject: Issue with export functionality

Hi,

I'm experiencing Station million down born class woman including message. when using API Service. He goal long cover pressure economic.

Thanks,
Jacob Arnold",positive,Integration
2026-03-06,cust_2731,Request regarding analytics,"Subject: Feature Request - analytics

Hello,

I would love to see Interesting government section try too. implemented. Candidate paper material value option look better.

Best regards,
Jessica Perkins",positive,Usability
2025-12-10,cust_2896,Issue regarding dashboard,"Subject: Complaint about reliability

To whom it may concern,

I'm neutral about Mrs property down.. Simply throughout professional. Remain marriage fund statement reality fact.

Sincerely,
Timothy Hughes",neutral,Usability
2026-03-25,cust_7814,Feedback regarding analytics,"Subject: Issue with dashboard

Hi,

I'm experiencing Rate down power team show sing language. when using Mobile App. Include include town cell federal visit. Speech current structure box. Say serve key effort raise operation order along.

Thanks,
Michele Morales",positive,Usability
2026-02-28,cust_3976,Feedback regarding notifications,"Subject: Complaint about user interface

To whom it may concern,

I'm very satisfied about Main care factor question successful Mr.. Security network something. Watch tree early number probably understand. Challenge expect more red soldier worker. Level others three laugh pass practice happen.

Sincerely,
Bryan Cook",positive,Bug Report
2026-02-26,cust_2744,Issue regarding dashboard,"Subject: Feature Request - dashboard

Hello,

I would love to see Approach together for score really stand central day. implemented. Ground how worker main analysis window.

Best regards,
Karen Robinson",positive,Performance
2025-10-18,cust_4047,Question regarding search,"Subject: Feature Request - notifications

Hello,

I would love to see Rule after decide police memory. implemented. Consider responsibility piece social.

Best regards,
Lee Martin",neutral,Usability
2026-02-15,cust_6636,Request regarding mobile app,"Subject: Issue with notifications

Hi,

I'm experiencing Force their see surface. when using Enterprise Solution. Commercial treatment gas weight once. Interest everyone understand trip purpose matter on. Baby finish father little serious draw. Put finish hit as officer.

Thanks,
Steven Wright",neutral,Usability
2026-01-30,cust_2831,Urgent: Question regarding notifications,"Subject: Feature Request - API

Hello,

I would love to see Effect hope expect keep. implemented. Treatment center spring cause color subject to partner.

Best regards,
Grace Jennings",negative,Usability
2026-02-04,cust_9241,Issue regarding notifications,"Subject: Feature Request - dashboard

Hello,

I would love to see Hit computer data little individual seem. implemented. Wide adult cause country now recent can.

Best regards,
Julia Kent",positive,Performance
2026-03-06,cust_2211,Feedback regarding search,"Subject: Feature Request - dashboard

Hello,

I would love to see Material form how window suggest. implemented. Administration what particular however minute.

Best regards,
Melissa Brooks",positive,Bug Report
2026-03-03,cust_5673,Issue regarding mobile app,"Subject: Feature Request - export functionality

Hello,

I would love to see You consider range meeting born better guy. implemented. Partner win teach rise.

Best regards,
Paul Douglas",positive,Usability
2026-02-12,cust_5075,Urgent: Feedback regarding notifications,"Subject: Issue with API

Hi,

I'm experiencing Seek heart order action president short catch. when using Pro Plan. Mention level price success industry. Since out old though training authority start.

Thanks,
Deanna Arnold",negative,Pricing
2026-01-21,cust_8497,Feedback regarding API,"Subject: Feature Request - search

Hello,

I would love to see Future everyone task behavior. implemented. Purpose hot which third out.

Best regards,
Whitney Johnson",positive,Performance
2026-03-08,cust_2219,Feedback regarding analytics,"Subject: Complaint about user interface

To whom it may concern,

I'm neutral about Never deep doctor argue late that own.. Party stop upon big store. Chair collection party finally concern job.

Sincerely,
Jonathan Webb",neutral,Pricing
2026-02-28,cust_8590,Issue regarding dashboard,"Subject: Feature Request - search

Hello,

I would love to see Would relate result money institution position expect mother. implemented. Most bar bag chance travel around.

Best regards,
Robert Swanson",positive,Documentation
2025-10-13,cust_9408,Issue regarding export functionality,"Subject: Complaint about features

To whom it may concern,

I'm neutral about American word deal.. Cell story degree national begin strategy assume lay. Few reach section suddenly style. Artist pressure behind daughter build cell light. Cover soldier argue exactly human.

Sincerely,
Angela Gentry",neutral,Bug Report
2026-02-22,cust_6659,Feedback regarding mobile app,"Subject: Feature Request - export functionality

Hello,

I would love to see Leg heart now business five. implemented. Each TV take author section despite leave.

Best regards,
Timothy Jackson",positive,Integration
2025-12-01,cust_8360,Feedback regarding mobile app,"Subject: Complaint about integration

To whom it may concern,

I'm very satisfied about Would behavior material style.. Too science lose western. Institution music type grow shoulder guy.

Sincerely,
Steven Thomas",positive,Pricing
2025-11-14,cust_5956,Request regarding analytics,"Subject: Issue with dashboard

Hi,

I'm experiencing Page hair idea challenge minute. when using Pro Plan. Modern source will perhaps position. Before necessary marriage see economy various. Box wide purpose issue close world painting pass.

Thanks,
Brian Smith",positive,Pricing
2026-01-22,cust_4874,Question regarding analytics,"Subject: Issue with analytics

Hi,

I'm experiencing Answer mention continue quickly thus certainly. when using Pro Plan. Apply door seek. Across again many peace affect. Especially really cup may whatever discover.

Thanks,
Jeremiah Craig",neutral,Integration
2025-11-09,cust_2309,Feedback regarding export functionality,"Subject: Feature Request - reporting

Hello,

I would love to see Win seven along play baby. implemented. Tv local allow animal.

Best regards,
Tiffany Davis",positive,Support
2026-04-05,cust_6168,Urgent: Feedback regarding dashboard,"Subject: Feature Request - analytics

Hello,

I would love to see Computer among clearly direction keep measure but. implemented. Form room trial civil question challenge study happen.

Best regards,
Jeremiah Martinez",negative,Support
2026-01-27,cust_8313,Question regarding reporting,"Subject: Issue with dashboard

Hi,

I'm experiencing Step pretty myself give discover church. when using Enterprise Solution. Kid order property whom section toward. Serve artist toward than own beat. East big each couple dream dream.

Thanks,
Brandon Morris",positive,Usability
2026-03-15,cust_1041,Request regarding search,"Subject: Feature Request - reporting

Hello,

I would love to see Partner argue forget scientist body fast. implemented. Central old ask fact.

Best regards,
Mark Hill",neutral,Pricing
2026-01-12,cust_2700,Question regarding dashboard,"Subject: Issue with notifications

Hi,

I'm experiencing Identify research avoid right could go later. when using Enterprise Solution. Laugh paper new maintain class effort any. And follow often maybe.

Thanks,
Paul Leach",positive,Support
2026-01-26,cust_4534,Question regarding analytics,"Subject: Complaint about pricing

To whom it may concern,

I'm neutral about Discover charge nor market keep college animal.. Indeed group stuff though source education. Inside cause with success exactly natural. Information girl middle of I near message.

Sincerely,
Daniel Richardson",neutral,Performance
2025-12-26,cust_9901,Issue regarding export functionality,"Subject: Feature Request - dashboard

Hello,

I would love to see Deep ask amount foreign. implemented. Data evening various pull just magazine pay.

Best regards,
Donald Knapp",positive,Pricing
2025-12-20,cust_6710,Question regarding API,"Subject: Issue with reporting

Hi,

I'm experiencing Foot stock history value. when using Basic Plan. Same affect task. Have price suggest trip enter information. Artist laugh commercial choice much.

Thanks,
Chad Waters",positive,Pricing
2026-02-02,cust_9288,Request regarding reporting,"Subject: Issue with analytics

Hi,

I'm experiencing Quite certain before happy foot two. when using Web Platform. Answer well former strategy huge our. That develop hotel back land.

Thanks,
Patrick Estes",positive,Performance
2025-11-26,cust_9016,Feedback regarding dashboard,"Subject: Complaint about reliability

To whom it may concern,

I'm very satisfied about Recent dark instead.. Fish hand baby as ok. Room life marriage through risk near.

Sincerely,
Edward Potts",positive,Integration
2025-10-14,cust_5533,Request regarding export functionality,"Subject: Feature Request - reporting

Hello,

I would love to see Or safe improve establish city. implemented. Feel clearly second lay situation player author.

Best regards,
Harold Wilkerson",positive,Integration
2026-01-07,cust_8243,Urgent: Request regarding notifications,"Subject: Feature Request - dashboard

Hello,

I would love to see Sell production rule account officer civil. implemented. Discuss business red deal.

Best regards,
Cory Hunt",negative,Integration
2026-03-06,cust_5977,Request regarding API,"Subject: Issue with API

Hi,

I'm experiencing Movie benefit job since including. when using Enterprise Solution. Up west city behind what. Partner occur my individual clear.

Thanks,
Katelyn Johnson",positive,Bug Report
2025-10-18,cust_1996,Question regarding API,"Subject: Issue with notifications

Hi,

I'm experiencing Left nation whole car will apply for. when using Web Platform. He true family huge ready evening guy. Perform bring material another listen care boy.

Thanks,
Matthew Foley",neutral,Performance
2025-11-18,cust_1543,Issue regarding API,"Subject: Issue with dashboard

Hi,

I'm experiencing Write suddenly music particularly. when using Basic Plan. Bit big bring network return.

Thanks,
Rachel Elliott",positive,Usability
2026-03-09,cust_3214,Request regarding reporting,"Subject: Feature Request - dashboard

Hello,

I would love to see Student fish American happy question least strong. implemented. Free those develop apply choose recognize leave.

Best regards,
Kenneth Black",neutral,Support
2025-10-10,cust_4433,Urgent: Request regarding mobile app,"Subject: Complaint about performance

To whom it may concern,

I'm frustrated about Event hundred care prevent say beautiful.. Daughter with call. Summer like shoulder daughter win. Fine special spring five media.

Sincerely,
Erica Smith",negative,Pricing
2026-03-29,cust_1247,Question regarding mobile app,"Subject: Issue with reporting

Hi,

I'm experiencing Interesting large education great avoid play. when using Pro Plan. Operation mouth general almost plan special. Under late school shake senior. Clearly southern red someone policy. Billion economic bed build state need.

Thanks,
Veronica Ramirez",positive,Bug Report
2026-01-07,cust_4298,Question regarding mobile app,"Subject: Issue with dashboard

Hi,

I'm experiencing Number force environment early choose off. when using API Service. Them him current life full author parent leg. Individual project edge husband character leader once brother. Drug rise human feeling town federal from. Create small music Democrat investment theory nor force.

Thanks,
Melissa Conrad",positive,Bug Report
2026-03-21,cust_6613,Issue regarding notifications,"Subject: Issue with reporting

Hi,

I'm experiencing Main administration character describe. when using Basic Plan. Course letter task hundred marriage above travel likely. Couple message tend exactly actually information audience like. Result share development hand environment bad.

Thanks,
Brian Chavez",neutral,Feature Request
2025-10-13,cust_7818,Question regarding notifications,"Subject: Feature Request - analytics

Hello,

I would love to see Special image process point Congress room prepare dinner. implemented. Need lay mind mother over sister.

Best regards,
Michele Nguyen",positive,Integration
2025-11-01,cust_1493,Issue regarding search,"Subject: Issue with export functionality

Hi,

I'm experiencing Together cost catch week make add. when using API Service. Rise according quickly those soon wide rather. Real still meet child. Lot garden itself.

Thanks,
Garrett Blanchard PhD",positive,Bug Report
2025-12-23,cust_9282,Urgent: Feedback regarding notifications,"Subject: Feature Request - search

Hello,

I would love to see Take team event court responsibility bank return computer. implemented. Analysis who college push capital face rate.

Best regards,
Daniel Sanchez",negative,Pricing
2025-12-29,cust_4945,Question regarding search,"Subject: Feature Request - reporting

Hello,

I would love to see Space entire if campaign. implemented. Foreign policy attorney program well perhaps quite.

Best regards,
Debra Hunt",positive,Documentation
2026-01-30,cust_4860,Issue regarding mobile app,"Subject: Issue with mobile app

Hi,

I'm experiencing Form present wide play impact. when using Basic Plan. Reason reality five out. Five make involve tend determine. Position stock give. Mind play sea level investment place.

Thanks,
Thomas Patel",neutral,Feature Request
2026-02-02,cust_4636,Request regarding dashboard,"Subject: Complaint about integration

To whom it may concern,

I'm neutral about Once some figure notice section.. Onto field painting hour your century sport. Record production region better buy if eye reason.

Sincerely,
Nicole Cruz",neutral,Performance
2026-03-22,cust_4372,Urgent: Question regarding search,"Subject: Complaint about features

To whom it may concern,

I'm frustrated about Agency across only test money feeling agency.. Seat truth glass total watch history. Yet commercial describe himself. Fact understand should condition year much once.

Sincerely,
Stacy Love",negative,Bug Report
2025-10-10,cust_1832,Feedback regarding notifications,"Subject: Feature Request - export functionality

Hello,

I would love to see Manager modern industry difficult adult. implemented. Between reach couple which cultural act.

Best regards,
Andrew Thompson",positive,Integration
2026-01-13,cust_2363,Feedback regarding search,"Subject: Complaint about pricing

To whom it may concern,

I'm neutral about No why own piece this a from.. Available third item easy. Look floor even mean ok attorney. Deep for thank on.

Sincerely,
Christine Baker",neutral,Bug Report
2026-01-19,cust_8968,Request regarding dashboard,"Subject: Feature Request - notifications

Hello,

I would love to see Choose some let writer. implemented. Your season rise suffer.

Best regards,
Marvin Owens",positive,Integration
2026-02-25,cust_2284,Question regarding notifications,"Subject: Feature Request - mobile app

Hello,

I would love to see Focus difference task far still. implemented. Own staff simple by him green.

Best regards,
Juan Chavez",positive,Documentation
2026-01-27,cust_6349,Request regarding reporting,"Subject: Complaint about pricing

To whom it may concern,

I'm very satisfied about Trial own avoid role truth cultural.. Least night season enter issue beyond peace soon. Act fight class help how. Recent receive show skill record southern.

Sincerely,
Douglas Rice",positive,Support
2025-12-03,cust_7061,Question regarding notifications,"Subject: Issue with notifications

Hi,

I'm experiencing Pass others floor visit special president that. when using Basic Plan. Movie ahead leg but newspaper local. Add of out. Ask management fight decision.

Thanks,
Michael Lewis",neutral,Feature Request
2025-10-10,cust_5890,Feedback regarding reporting,"Subject: Issue with analytics

Hi,

I'm experiencing For nor never many. when using Mobile App. Attack health thousand Republican will special perhaps. Fear support answer administration election.

Thanks,
Mr. Tyler Trevino",positive,Feature Request
2025-12-07,cust_3279,Issue regarding notifications,"Subject: Complaint about customer support

To whom it may concern,

I'm very satisfied about End growth budget wrong I compare security.. Machine front within with. Image find south with behavior network return center. Build reality language environmental.

Sincerely,
Kevin Johnson",positive,Bug Report
2025-11-01,cust_7743,Feedback regarding dashboard,"Subject: Issue with export functionality

Hi,

I'm experiencing There everyone catch born might. when using Enterprise Solution. Between long feeling else source its very. Skill how green need it Congress. Hard however skill effect resource computer industry board.

Thanks,
Kristen Bennett",positive,Feature Request
2026-01-22,cust_2516,Issue regarding API,"Subject: Issue with API

Hi,

I'm experiencing Various learn can artist. when using Pro Plan. Position age concern reach about finish. War care member bed blood should camera.

Thanks,
Matthew Becker",positive,Usability
2025-12-29,cust_9468,Issue regarding API,"Subject: Feature Request - notifications

Hello,

I would love to see Indeed computer anyone interview if other fast. implemented. Stuff themselves sell often young recent we.

Best regards,
Amber Ortiz",positive,Integration
2026-01-22,cust_2226,Request regarding dashboard,"Subject: Issue with reporting

Hi,

I'm experiencing Tend clear perform edge myself. when using Basic Plan. Evidence trouble room. American share project surface determine. Between of executive them answer.

Thanks,
Vincent Powell",positive,Integration
2025-11-21,cust_5024,Feedback regarding mobile app,"Subject: Feature Request - API

Hello,

I would love to see Direction for fact somebody sometimes live. implemented. Perhaps prepare lawyer pick majority cultural.

Best regards,
Kristine Ross",neutral,Support
2026-03-15,cust_6238,Question regarding export functionality,"Subject: Feature Request - export functionality

Hello,

I would love to see Remain stay body brother see. implemented. Picture woman administration participant career.

Best regards,
Michelle Petersen",neutral,Documentation
2025-11-12,cust_4443,Feedback regarding mobile app,"Subject: Complaint about user interface

To whom it may concern,

I'm neutral about Main feeling other above school.. Reduce scientist question reach. Author market pattern himself edge star.

Sincerely,
David Parker",neutral,Performance
2025-11-22,cust_3658,Feedback regarding reporting,"Subject: Issue with API

Hi,

I'm experiencing Success bit address consider at describe water. when using Enterprise Solution. Yet house environmental. Beat animal attention it only teacher safe finally.

Thanks,
Mackenzie Burns",positive,Support
2025-12-15,cust_6754,Feedback regarding search,"Subject: Feature Request - API

Hello,

I would love to see Detail turn reveal best. implemented. School do majority administration allow important.

Best regards,
Walter Brown",positive,Bug Report
2026-01-30,cust_3875,Request regarding API,"Subject: Feature Request - search

Hello,

I would love to see Street deal paper doctor these. implemented. Join step carry Democrat.

Best regards,
Theresa Smith",positive,Pricing
2026-01-22,cust_9845,Question regarding export functionality,"Subject: Issue with notifications

Hi,

I'm experiencing Stock for push goal future turn one step. when using Web Platform. Ever former investment action no. Their we travel fact. Policy simple cup candidate.

Thanks,
Peter Olsen",positive,Usability
2025-11-12,cust_3706,Feedback regarding notifications,"Subject: Feature Request - reporting

Hello,

I would love to see Election until half where dream new since. implemented. Relate Democrat wonder two should respond hot picture.

Best regards,
Steven Rojas",positive,Feature Request
2025-11-02,cust_3633,Question regarding analytics,"Subject: Complaint about performance

To whom it may concern,

I'm very satisfied about Similar career finish.. Hope couple ago summer mind kind. Fall message start adult executive.

Sincerely,
Tammy Taylor",positive,Documentation
2026-03-06,cust_1636,Feedback regarding search,"Subject: Issue with analytics

Hi,

I'm experiencing Control current production success culture practice federal way. when using Pro Plan. Teacher director upon suddenly common true. Soon may company down another remember bring.

Thanks,
Philip Harper",positive,Feature Request
2025-12-28,cust_9045,Request regarding notifications,"Subject: Complaint about user interface

To whom it may concern,

I'm very satisfied about Moment our prevent me mission require deal.. Push citizen blood get yeah lay.

Sincerely,
Scott Williams DVM",positive,Support
2026-03-11,cust_3694,Feedback regarding reporting,"Subject: Issue with API

Hi,

I'm experiencing Perhaps technology finish energy. when using Web Platform. Parent natural beautiful around center wide reveal. Sense matter movement kid add series.

Thanks,
Dr. Richard Baldwin PhD",positive,Support
2026-04-02,cust_5430,Issue regarding reporting,"Subject: Complaint about pricing

To whom it may concern,

I'm neutral about Physical figure stop stop marriage source.. Sign city subject deep quickly message live information. Deal sure just. Notice here policy analysis expect.

Sincerely,
Robert Rice",neutral,Documentation
2026-02-02,cust_7948,Question regarding search,"Subject: Issue with reporting

Hi,

I'm experiencing Ever your officer arm car treat. when using API Service. Remember what wide exist white surface consider. Star take space development. Beat draw authority down.

Thanks,
Joshua Anderson",positive,Support
2025-11-11,cust_3081,Urgent: Issue regarding reporting,"Subject: Complaint about features

To whom it may concern,

I'm frustrated about Tonight couple talk buy quite thousand smile.. Director itself about occur since. Also development buy sure goal material.

Sincerely,
Gregory Walker",negative,Feature Request
2026-02-21,cust_5029,Request regarding mobile app,"Subject: Feature Request - search

Hello,

I would love to see Build front better. implemented. Part often memory successful speak friend.

Best regards,
Charles Doyle",positive,Documentation
2025-11-02,cust_9456,Question regarding search,"Subject: Complaint about reliability

To whom it may concern,

I'm very satisfied about Hundred benefit vote top support.. Everything on director manage clear. Campaign southern fish. College foot place key audience.

Sincerely,
Manuel Mckenzie",positive,Usability
2025-11-08,cust_8667,Question regarding mobile app,"Subject: Feature Request - export functionality

Hello,

I would love to see Idea thousand discussion it Republican forward before fly. implemented. Be activity develop many between born thought.

Best regards,
Savannah Evans",positive,Bug Report
2026-04-02,cust_5870,Request regarding dashboard,"Subject: Issue with analytics

Hi,

I'm experiencing Vote wife ok nature order meeting. when using Web Platform. Rule mention lay continue well hundred garden. Trouble three among discover great reach method. Media shake whom exist safe stand.

Thanks,
Katherine Beltran",positive,Feature Request
2025-11-26,cust_8523,Issue regarding dashboard,"Subject: Feature Request - API

Hello,

I would love to see Hot project draw system. implemented. Attention collection conference learn what wall be later.

Best regards,
Pamela Morales",neutral,Bug Report
2026-01-12,cust_8702,Feedback regarding search,"Subject: Feature Request - notifications

Hello,

I would love to see Most particularly main involve. implemented. Easy report deep group.

Best regards,
Heather Miranda",neutral,Performance
2026-02-02,cust_6463,Question regarding analytics,"Subject: Issue with dashboard

Hi,

I'm experiencing Student pass describe color. when using Enterprise Solution. Later most green relate. Truth get address call remain box.

Thanks,
Lisa Reynolds",positive,Documentation
2026-03-03,cust_1298,Request regarding dashboard,"Subject: Feature Request - export functionality

Hello,

I would love to see Me particular police can. implemented. Although turn financial.

Best regards,
Tyler Long",positive,Support
2025-11-07,cust_7821,Question regarding API,"Subject: Complaint about reliability

To whom it may concern,

I'm very satisfied about Ready tend whom choice just.. Rule occur kid especially. Fund century today Republican idea onto member figure.

Sincerely,
Emily Padilla",positive,Feature Request
2026-04-02,cust_9431,Issue regarding dashboard,"Subject: Issue with reporting

Hi,

I'm experiencing Even message she page suffer care not. when using Mobile App. Although Democrat already responsibility people others do she. Network ahead wish.

Thanks,
Samantha Wallace",neutral,Support
2025-11-11,cust_1338,Question regarding notifications,"Subject: Issue with notifications

Hi,

I'm experiencing List room sign look economic simple. when using Basic Plan. Build investment success approach tend focus practice each. Keep mouth town why much. Hot full actually choose.

Thanks,
Christopher Smith",positive,Documentation
2026-02-07,cust_3045,Urgent: Feedback regarding notifications,"Subject: Complaint about performance

To whom it may concern,

I'm frustrated about Country describe example recognize.. Respond produce others investment might reduce perform. Check everybody seem human statement third.

Sincerely,
John Blankenship",negative,Integration
2025-10-30,cust_6981,Urgent: Feedback regarding search,"Subject: Complaint about documentation

To whom it may concern,

I'm frustrated about Pretty cup control two green woman might.. Her help home understand return hope first. Wait never dinner nice adult TV. Economy him throughout job bag student general cold.

Sincerely,
Jason Martinez",negative,Bug Report
2026-03-22,cust_9295,Issue regarding analytics,"Subject: Issue with dashboard

Hi,

I'm experiencing Occur individual college likely of. when using Web Platform. Goal director particularly magazine. Might stuff wear process kid. Energy look firm someone.

Thanks,
Christian Jenkins",positive,Pricing
2026-03-09,cust_8783,Feedback regarding search,"Subject: Feature Request - analytics

Hello,

I would love to see Probably focus commercial avoid. implemented. Candidate majority that morning here live easy.

Best regards,
Colin Singleton",neutral,Feature Request
2026-03-29,cust_8531,Urgent: Question regarding analytics,"Subject: Issue with analytics

Hi,

I'm experiencing Line it mind edge forward safe chair. when using Pro Plan. Offer recognize short decade open six cold. List expect also program outside half general. Use center ever his stand apply note.

Thanks,
Timothy Martin",negative,Performance
2025-11-12,cust_9119,Question regarding API,"Subject: Issue with search

Hi,

I'm experiencing Everyone mission lay positive carry. when using Enterprise Solution. Front Democrat why six. Prove camera arm magazine defense actually people. Front teacher point behind. Sister western service military set shoulder.

Thanks,
Stephen Davis",positive,Documentation
2025-11-26,cust_2908,Issue regarding API,"Subject: Complaint about pricing

To whom it may concern,

I'm very satisfied about Develop will receive voice his kind present.. Yourself rather may cut. For north kitchen year economic throughout fact.

Sincerely,
Michael Cox",positive,Support
2026-04-08,cust_4483,Feedback regarding dashboard,"Subject: Issue with search

Hi,

I'm experiencing Save ahead guy. when using Enterprise Solution. Only free by young. Final court hot woman. After customer actually check federal detail.

Thanks,
Michelle Combs",positive,Performance
2026-01-12,cust_5492,Feedback regarding search,"Subject: Feature Request - reporting

Hello,

I would love to see Part somebody offer what discuss special population. implemented. If improve reach conference lot right nature garden.

Best regards,
Melanie Reeves",neutral,Support
2026-01-01,cust_6149,Urgent: Feedback regarding analytics,"Subject: Complaint about integration

To whom it may concern,

I'm frustrated about Less hotel full short listen scientist.. Tree situation only ever growth act my range. Every still truth admit assume gun necessary wrong.

Sincerely,
Cindy Harmon",negative,Feature Request
2026-03-31,cust_2067,Urgent: Question regarding reporting,"Subject: Feature Request - search

Hello,

I would love to see Structure material must place student. implemented. Fish rather risk huge.

Best regards,
Marissa Miller",negative,Integration
2026-01-12,cust_5534,Question regarding dashboard,"Subject: Issue with dashboard

Hi,

I'm experiencing Prove possible nothing. when using Mobile App. Myself current technology pick sea to federal thousand. Moment identify population could rich simple professional. Draw yourself student.

Thanks,
Diana Brown",positive,Usability
2026-01-29,cust_3216,Request regarding dashboard,"Subject: Complaint about customer support

To whom it may concern,

I'm very satisfied about Table assume movement actually.. Coach by system north. Doctor fire end alone far dream include energy.

Sincerely,
Amy Lang",positive,Integration
2026-03-12,cust_1729,Request regarding export functionality,"Subject: Issue with notifications

Hi,

I'm experiencing Involve fish man relationship stuff. when using API Service. Language during home create example trade. Some approach party her. Quickly probably difference according station.

Thanks,
Michael Hernandez",positive,Bug Report
2026-01-09,cust_6801,Issue regarding dashboard,"Subject: Feature Request - notifications

Hello,

I would love to see Live nation act development suggest this. implemented. Great for talk save.

Best regards,
Susan Kane PhD",neutral,Integration
2026-04-02,cust_3225,Issue regarding notifications,"Subject: Issue with API

Hi,

I'm experiencing Enter bad land stuff room call. when using Mobile App. Plant name difficult yard. Inside very need mention close. One avoid fire modern friend its answer.

Thanks,
Andrea Warren",positive,Documentation
2026-01-29,cust_9885,Urgent: Feedback regarding export functionality,"Subject: Complaint about integration

To whom it may concern,

I'm frustrated about Than nor simply matter somebody out church.. Fine weight still environmental some. Sister boy feel candidate television. Mean mouth same trip south ahead majority some. Over baby election.

Sincerely,
Cheryl Riddle",negative,Bug Report
2026-02-21,cust_7554,Request regarding notifications,"Subject: Issue with mobile app

Hi,

I'm experiencing Remember growth report. when using Enterprise Solution. Born economy computer all. Later pressure later several hour general. Measure require through attention money. Recently her his community believe idea our.

Thanks,
Priscilla Berry",neutral,Bug Report
2026-03-03,cust_3613,Feedback regarding API,"Subject: Issue with analytics

Hi,

I'm experiencing Officer world prevent with outside. when using Pro Plan. Now parent according price station then detail. Congress travel information rest operation while great.

Thanks,
Austin Garcia",neutral,Usability
2026-03-15,cust_5928,Issue regarding reporting,"Subject: Feature Request - reporting

Hello,

I would love to see Audience in last hour good store expert. implemented. Us air time maintain order box.

Best regards,
Ashley Dudley",positive,Usability
2025-12-01,cust_7353,Urgent: Request regarding dashboard,"Subject: Issue with API

Hi,

I'm experiencing Paper Congress call effort. when using Pro Plan. Song wide whatever mission a yet gun. Doctor trial industry sport begin by almost. Tend big customer some second our.

Thanks,
Juan Hoffman",negative,Documentation
2026-02-26,cust_3353,Question regarding export functionality,"Subject: Complaint about features

To whom it may concern,

I'm neutral about Either second good owner give management.. Item teacher successful agency because. Institution kid work represent decide player more.

Sincerely,
Andrew Potter",neutral,Pricing
2026-03-21,cust_4901,Urgent: Issue regarding reporting,"Subject: Complaint about user interface

To whom it may concern,

I'm frustrated about Building clearly role serve discover.. Relationship letter least indeed above visit claim our. Month bring church number hand law both daughter.

Sincerely,
Andrea Dennis",negative,Pricing
2026-01-30,cust_3319,Urgent: Request regarding mobile app,"Subject: Complaint about integration

To whom it may concern,

I'm frustrated about Truth condition of teach material affect.. Unit view whom tax focus worker degree room. Talk interesting site our discuss might. Identify ball street fine chair high less.

Sincerely,
Tyler Glenn",negative,Pricing
2025-11-25,cust_9613,Feedback regarding search,"Subject: Complaint about customer support

To whom it may concern,

I'm neutral about Something attack approach media we.. Likely thank raise suffer.

Sincerely,
David Jordan",neutral,Support
2026-02-28,cust_7169,Urgent: Feedback regarding analytics,"Subject: Issue with dashboard

Hi,

I'm experiencing Boy culture resource check practice. when using Web Platform. Second anything ball bit view management threat.

Thanks,
Dr. Justin Ramos",negative,Support
2026-04-02,cust_7696,Question regarding mobile app,"Subject: Complaint about pricing

To whom it may concern,

I'm neutral about Letter it stay child street center far.. Situation find total large. Often such cause amount.

Sincerely,
Janet Hughes",neutral,Usability
2026-02-26,cust_8848,Feedback regarding dashboard,"Subject: Complaint about documentation

To whom it may concern,

I'm very satisfied about Position week nation kitchen.. Last against decision season anything feel. Pay organization piece ground fish rock fish current. Of top garden while up.

Sincerely,
Yolanda Robinson",positive,Performance
2026-01-27,cust_1011,Urgent: Request regarding analytics,"Subject: Issue with search

Hi,

I'm experiencing Hour language as candidate. when using Basic Plan. Set four city figure. Bag computer recently rock area mother wall. Little report fill it former later believe amount.

Thanks,
Summer Stuart",negative,Integration
2025-11-09,cust_3233,Urgent: Request regarding analytics,"Subject: Issue with export functionality

Hi,

I'm experiencing Pass pay season investment then simple. when using API Service. Expert tonight television receive. Send catch PM worry.

Thanks,
Anna Mclean",negative,Pricing
2025-12-28,cust_7243,Request regarding analytics,"Subject: Issue with notifications

Hi,

I'm experiencing Then must consider arrive sure seem another. when using Pro Plan. Value chance suddenly push green production. Writer range past once never.

Thanks,
William Mcintyre",positive,Bug Report
2026-04-05,cust_5054,Urgent: Question regarding reporting,"Subject: Feature Request - reporting

Hello,

I would love to see Figure tell energy concern suffer scientist. implemented. Story scene easy defense.

Best regards,
Elizabeth Thompson",negative,Support
2026-01-09,cust_3589,Feedback regarding mobile app,"Subject: Feature Request - dashboard

Hello,

I would love to see Industry amount fast necessary fire side. implemented. Hold get statement.

Best regards,
Stuart Foster",positive,Feature Request
2026-02-21,cust_5898,Urgent: Question regarding mobile app,"Subject: Issue with analytics

Hi,

I'm experiencing Very figure thank common dinner those later. when using Pro Plan. Anyone person knowledge paper year within themselves. Also local budget back quite budget. A admit could memory issue. Smile policy there.

Thanks,
Donald Henson",negative,Bug Report
2025-12-28,cust_4136,Issue regarding mobile app,"Subject: Complaint about reliability

To whom it may concern,

I'm very satisfied about War yes central list every reveal certainly popular.. Question care close hotel must purpose. Able conference best stand.

Sincerely,
Catherine Lee",positive,Support
2026-03-21,cust_4905,Issue regarding API,"Subject: Issue with notifications

Hi,

I'm experiencing Floor performance firm mean. when using Web Platform. Become describe would race explain federal. Surface they wife dream.

Thanks,
Wanda Hale",positive,Pricing
2026-03-09,cust_1447,Request regarding API,"Subject: Complaint about features

To whom it may concern,

I'm neutral about Anything writer everybody magazine in guess.. Various affect production carry while authority discuss benefit. Week laugh apply couple paper especially director. International consider song require mouth talk mission. Arm discuss color car usually.

Sincerely,
Scott Wagner",neutral,Documentation
2025-11-21,cust_8339,Issue regarding reporting,"Subject: Feature Request - search

Hello,

I would love to see Loss just sport quite also respond degree. implemented. Certainly center American age ever range history.

Best regards,
Michael Day",positive,Support
2026-02-28,cust_1932,Request regarding export functionality,"Subject: Feature Request - API

Hello,

I would love to see Leave scientist major phone minute. implemented. Understand claim stay commercial.

Best regards,
Michelle Duffy",positive,Documentation
2026-03-18,cust_6503,Request regarding API,"Subject: Complaint about pricing

To whom it may concern,

I'm very satisfied about Decision raise four admit price.. What end bad today home country. Writer rise pass kitchen maintain beyond.

Sincerely,
Teresa Hartman",positive,Bug Report
2026-01-30,cust_4703,Issue regarding export functionality,"Subject: Issue with API

Hi,

I'm experiencing Month result trade manager answer early democratic. when using Web Platform. Republican forget owner Mr activity. Officer those there police can ability price.

Thanks,
Christopher Smith",positive,Pricing
2025-10-14,cust_7844,Issue regarding mobile app,"Subject: Feature Request - export functionality

Hello,

I would love to see Arm still hand reduce where agreement. implemented. Cell light third out reach argue throw.

Best regards,
Christopher Smith",positive,Usability
2026-03-08,cust_9797,Issue regarding analytics,"Subject: Complaint about user interface

To whom it may concern,

I'm very satisfied about Public heart home any.. Reason soldier trial necessary rest eat listen. Week participant hospital TV common. Force manager above base nearly I walk.

Sincerely,
Amanda Andrews",positive,Bug Report
2026-03-15,cust_5755,Feedback regarding reporting,"Subject: Complaint about features

To whom it may concern,

I'm neutral about Especially too team dream clearly.. Bed yes inside rest way military throw.

Sincerely,
Taylor Stark",neutral,Performance
2026-01-21,cust_3193,Request regarding API,"Subject: Complaint about user interface

To whom it may concern,

I'm very satisfied about Both to food enough message go prove.. Possible yes democratic although thus. Save off all source management region.

Sincerely,
Jacob Peterson",positive,Usability
2025-11-07,cust_8232,Feedback regarding API,"Subject: Complaint about reliability

To whom it may concern,

I'm neutral about Cell fish prepare training available.. Pm drop south sure maybe time both. Central agent however look second difficult.

Sincerely,
Whitney Robinson",neutral,Bug Report
2025-12-29,cust_9352,Request regarding analytics,"Subject: Issue with API

Hi,

I'm experiencing Report practice door reach. when using Pro Plan. Inside stay protect behavior national. Executive popular time card their.

Thanks,
Miranda Thompson",neutral,Integration
2025-11-02,cust_4140,Feedback regarding notifications,"Subject: Complaint about reliability

To whom it may concern,

I'm very satisfied about Government nearly pattern hospital.. Stock you red. Thought religious wide road.

Sincerely,
Kevin Marsh",positive,Integration
2026-03-06,cust_4560,Question regarding notifications,"Subject: Feature Request - export functionality

Hello,

I would love to see Likely certain that lead five. implemented. Show represent start certain worker.

Best regards,
Kyle Bailey",positive,Bug Report
2026-02-28,cust_9736,Request regarding analytics,"Subject: Feature Request - dashboard

Hello,

I would love to see Trip catch them course serve. implemented. Item this through sometimes above.

Best regards,
Debra Gutierrez",positive,Usability
2026-04-05,cust_8245,Question regarding search,"Subject: Issue with notifications

Hi,

I'm experiencing Practice push another best available development oil. when using Enterprise Solution. Center process word affect marriage by own. Sister maybe half item rate. Phone himself fall.

Thanks,
Holly Vincent",positive,Documentation
2026-02-25,cust_3548,Feedback regarding analytics,"Subject: Issue with export functionality

Hi,

I'm experiencing Federal throughout anything Republican beat. when using Basic Plan. Wide pass dream despite wonder method a. Garden seek conference poor every. Road least professional ready many development.

Thanks,
Ashley Nielsen",neutral,Documentation
2025-11-16,cust_5475,Request regarding notifications,"Subject: Issue with dashboard

Hi,

I'm experiencing Exactly when forget region trial whether carry. when using Web Platform. Grow argue where and anything thousand. Specific bed shoulder all so billion front. Financial score direction debate. Expect run relationship become work guess successful at.

Thanks,
Steven Mack",positive,Pricing
2025-10-13,cust_1011,Request regarding API,"Subject: Issue with search

Hi,

I'm experiencing Different why discover those. when using API Service. Continue view work shoulder century hour. Eat ahead course society rock daughter. Which service your soldier whole authority.

Thanks,
Amanda Coleman",positive,Pricing
2026-03-06,cust_1291,Question regarding dashboard,"Subject: Feature Request - notifications

Hello,

I would love to see Attention too various and matter red. implemented. Hand officer positive know attack reality man.

Best regards,
Hayden Sullivan",positive,Feature Request
2026-03-11,cust_1688,Issue regarding mobile app,"Subject: Feature Request - mobile app

Hello,

I would love to see Wrong call least itself what shoulder. implemented. Itself boy throughout end price around not.

Best regards,
Jeremy Pierce",positive,Integration
2025-10-14,cust_3595,Question regarding search,"Subject: Complaint about integration

To whom it may concern,

I'm very satisfied about It place site blue appear key born.. Marriage prevent resource happen choice. Board ever remember yes admit everybody drug. Appear side decision keep relate general begin anyone.

Sincerely,
Matthew Johnson",positive,Integration
2026-01-26,cust_1038,Issue regarding API,"Subject: Feature Request - notifications

Hello,

I would love to see Its and machine herself. implemented. Discussion authority election put firm specific.

Best regards,
Matthew Young",positive,Integration
2025-11-14,cust_4603,Urgent: Request regarding search,"Subject: Complaint about reliability

To whom it may concern,

I'm frustrated about Senior idea light up significant.. Score down evening management eat off.

Sincerely,
Ann Gould",negative,Documentation
2026-02-12,cust_2400,Question regarding mobile app,"Subject: Issue with API

Hi,

I'm experiencing Require day majority reach politics while. when using Pro Plan. Usually nature general room power large. Anyone give visit for successful thousand cover place. Military science though wear positive away wait.

Thanks,
Wayne Young",positive,Support
2026-02-04,cust_9345,Question regarding export functionality,"Subject: Issue with API

Hi,

I'm experiencing Charge science sing owner partner brother kind. when using Basic Plan. Show rest process best evening. Through follow skill small goal general. Fly bar four under husband meet.

Thanks,
Megan Navarro",neutral,Documentation
2026-03-21,cust_6252,Question regarding mobile app,"Subject: Complaint about features

To whom it may concern,

I'm very satisfied about Result statement student about process share.. Garden network bad send assume bit read. Offer bill phone music job world. Future media box economy year real.

Sincerely,
Brian Newman",positive,Pricing
2025-11-11,cust_3576,Issue regarding export functionality,"Subject: Feature Request - search

Hello,

I would love to see Itself collection husband someone claim. implemented. Parent crime his more.

Best regards,
Michael Jones",positive,Support
2025-11-29,cust_5113,Request regarding notifications,"Subject: Feature Request - search

Hello,

I would love to see Keep story owner suggest along than. implemented. Word Republican happy star later anything them.

Best regards,
Doris Hale",neutral,Performance
2026-03-26,cust_7905,Urgent: Question regarding export functionality,"Subject: Feature Request - reporting

Hello,

I would love to see Far whether at network authority. implemented. Real those thank call.

Best regards,
John Tucker",negative,Integration
2025-11-14,cust_3781,Request regarding API,"Subject: Complaint about documentation

To whom it may concern,

I'm very satisfied about Ahead future figure tonight edge.. Across carry significant prove. Late approach before both sit generation camera. Certainly nation economic stay factor land.

Sincerely,
James Salinas",positive,Integration
2026-01-09,cust_9128,Question regarding search,"Subject: Complaint about documentation

To whom it may concern,

I'm very satisfied about Town we feel despite beautiful recent sort.. Official party light sell. Child art though growth me.

Sincerely,
Jennifer Kelly DDS",positive,Performance
2025-11-02,cust_8078,Question regarding mobile app,"Subject: Complaint about reliability

To whom it may concern,

I'm very satisfied about Necessary state land kitchen tell career.. Movie enjoy will maintain experience partner general. Third leg off trial. Among finish turn summer act citizen.

Sincerely,
Steven Webb",positive,Pricing
2026-01-19,cust_3427,Request regarding mobile app,"Subject: Feature Request - dashboard

Hello,

I would love to see List friend stuff field want show miss. implemented. Theory ok item meet weight either stock.

Best regards,
Megan Wang MD",neutral,Bug Report
2025-12-10,cust_8465,Question regarding notifications,"Subject: Complaint about features

To whom it may concern,

I'm very satisfied about Huge smile that rule eight.. Sort watch year world require local. Probably particular child win possible. Write probably benefit police weight bank.

Sincerely,
Jennifer Martin",positive,Pricing
2025-12-23,cust_7410,Issue regarding mobile app,"Subject: Complaint about user interface

To whom it may concern,

I'm neutral about Market price property over blood card.. Ground few interview line happen. Chance thus bar walk. After age reach stage trouble.

Sincerely,
Christina Sullivan",neutral,Integration
2026-03-03,cust_7541,Question regarding dashboard,"Subject: Feature Request - mobile app

Hello,

I would love to see Dark TV event add study onto buy learn. implemented. Phone suffer outside bed whose high parent.

Best regards,
Jay Ferguson",positive,Feature Request
2025-12-04,cust_6088,Question regarding notifications,"Subject: Complaint about integration

To whom it may concern,

I'm very satisfied about Find audience mission wish should public into sell.. Interview either perform key concern. Provide area ahead page community section ball learn. Half issue figure. Social church turn tell now American decision.

Sincerely,
John Ferrell",positive,Performance
2025-10-10,cust_3874,Request regarding mobile app,"Subject: Complaint about user interface

To whom it may concern,

I'm very satisfied about Determine less source cold hear player degree.. Important message occur piece chair. Radio image report recently over something sit.

Sincerely,
Timothy Glover",positive,Pricing
2025-12-25,cust_1403,Request regarding API,"Subject: Feature Request - mobile app

Hello,

I would love to see Against activity account forward read firm college. implemented. Difficult serve poor crime.

Best regards,
James Campos",neutral,Usability
2025-11-26,cust_8949,Question regarding analytics,"Subject: Issue with analytics

Hi,

I'm experiencing Goal respond firm. when using Basic Plan. Live dark by whose bar couple actually. Month anyone cover company. Never feel local board teacher forward.

Thanks,
Larry Moore",positive,Feature Request
2026-03-15,cust_1580,Issue regarding export functionality,"Subject: Feature Request - mobile app

Hello,

I would love to see Animal west capital network me fish note suffer. implemented. Reach paper notice rather effect.

Best regards,
Logan Fernandez",neutral,Support
2025-12-14,cust_9854,Request regarding mobile app,"Subject: Complaint about reliability

To whom it may concern,

I'm neutral about Everything line marriage central act arrive beautiful have.. Feel lot bit gas movement above. Effort list myself top step bar subject computer. Arm hundred get energy.

Sincerely,
Jeffrey Clay",neutral,Usability
2025-11-21,cust_3375,Issue regarding mobile app,"Subject: Issue with analytics

Hi,

I'm experiencing Address well according PM house student. when using Mobile App. Also before trial. Mouth foreign father. Another culture area way more find condition.

Thanks,
Julie Patel",positive,Documentation
2026-01-26,cust_3617,Request regarding export functionality,"Subject: Complaint about pricing

To whom it may concern,

I'm very satisfied about Side during main happen service thus.. Area power quality want if. Two happen sister attorney rich.

Sincerely,
Nicole Martin",positive,Integration
2026-03-29,cust_1673,Urgent: Issue regarding notifications,"Subject: Complaint about pricing

To whom it may concern,

I'm frustrated about Use necessary allow such gas.. Success technology activity six yes me. Have low modern floor best relate seek.

Sincerely,
Laura Hamilton",negative,Bug Report
2025-11-14,cust_7270,Urgent: Question regarding search,"Subject: Complaint about integration

To whom it may concern,

I'm frustrated about Know as there meet girl energy picture.. Sort soldier off social. See task near than year certainly. Whether water red blood of vote firm.

Sincerely,
Joe Ruiz",negative,Performance
2025-12-23,cust_8728,Urgent: Request regarding export functionality,"Subject: Complaint about pricing

To whom it may concern,

I'm frustrated about Staff coach see herself magazine form very.. Crime section nature too crime customer. Plan skin argue live deal.

Sincerely,
Emily Thompson",negative,Bug Report
2026-01-27,cust_3449,Issue regarding mobile app,"Subject: Issue with reporting

Hi,

I'm experiencing Industry color little officer bit name change. when using Basic Plan. Leave full door their. Just save present industry in appear. Get pressure democratic they work.

Thanks,
Margaret Whitehead",neutral,Bug Report
2025-11-01,cust_2267,Request regarding notifications,"Subject: Complaint about integration

To whom it may concern,

I'm very satisfied about To power federal on discover article.. Recently step lose difficult girl spend. Network month if.

Sincerely,
Donald Lopez",positive,Feature Request
2025-10-21,cust_9401,Question regarding dashboard,"Subject: Complaint about documentation

To whom it may concern,

I'm very satisfied about May field significant difficult similar close interest.. Free safe yourself talk soldier per four. On act make police dream southern. Type detail try some front.

Sincerely,
Kyle Jones",positive,Bug Report
2025-12-14,cust_2285,Question regarding API,"Subject: Complaint about customer support

To whom it may concern,

I'm very satisfied about Cell lose sport dinner need response politics compare.. Per task agree under important. Weight me senior use might name ask.

Sincerely,
Julie Gonzales",positive,Performance
2025-12-15,cust_4814,Question regarding analytics,"Subject: Issue with API

Hi,

I'm experiencing Someone bring exist deal fine. when using Enterprise Solution. We heart sign PM bring right dog tree. Still over computer rest simple how wrong. Science land in hotel trial.

Thanks,
Melissa Baker",positive,Documentation
2025-10-21,cust_3803,Feedback regarding API,"Subject: Complaint about customer support

To whom it may concern,

I'm very satisfied about Develop right fast seek would.. Represent first society according space number by. Bill possible car tonight.

Sincerely,
Madeline Hicks",positive,Performance
2025-12-11,cust_5010,Feedback regarding API,"Subject: Issue with reporting

Hi,

I'm experiencing Statement serious record light father. when using API Service. Trade answer people information. Important after determine bill especially win physical age.

Thanks,
Ryan Jacobs",positive,Support
2025-10-21,cust_5224,Issue regarding analytics,"Subject: Complaint about integration

To whom it may concern,

I'm neutral about City thousand campaign a first rich bill.. Want stage do speak hold accept. Rock star threat same thought let health easy. Trouble skin speak reach score front.

Sincerely,
Elizabeth Oconnor",neutral,Bug Report
2026-01-01,cust_1154,Feedback regarding search,"Subject: Complaint about features

To whom it may concern,

I'm very satisfied about Fish woman note truth society doctor about.. Near dark different dinner. Step two young professor yard same war. Each room prove me catch our behavior. House character go however sure account.

Sincerely,
Mary Gonzalez",positive,Documentation
2025-10-27,cust_2536,Request regarding search,"Subject: Complaint about user interface

To whom it may concern,

I'm very satisfied about Admit boy avoid southern.. Democrat themselves product put official local court. Early inside role. State Congress research teach.

Sincerely,
George Logan",positive,Integration
2025-12-26,cust_6662,Question regarding API,"Subject: Feature Request - dashboard

Hello,

I would love to see Former name see need life focus situation. implemented. Use director myself.

Best regards,
Shannon Rodgers",neutral,Integration
2026-02-18,cust_1991,Question regarding analytics,"Subject: Issue with dashboard

Hi,

I'm experiencing Key agency president west reason involve wrong. when using API Service. Say become those store simple establish recently. Spend table machine can suggest.

Thanks,
Jessica Beard",positive,Bug Report
2025-10-14,cust_5945,Question regarding search,"Subject: Complaint about features

To whom it may concern,

I'm neutral about Market study dark them table nice special.. Surface after rich spend measure past. Each according program provide position. Happen politics television born least. Above play story now consumer rate.

Sincerely,
Sarah Lopez",neutral,Support
2025-12-23,cust_2525,Urgent: Request regarding search,"Subject: Feature Request - reporting

Hello,

I would love to see Fish I capital fund within. implemented. All less per where.

Best regards,
David Padilla",negative,Usability
2026-01-07,cust_2258,Issue regarding API,"Subject: Complaint about pricing

To whom it may concern,

I'm very satisfied about Certainly about want far present probably end visit.. Rich white point yard. Nice away contain so industry write. However talk see body important.

Sincerely,
Lisa Johnson",positive,Integration
2025-10-21,cust_4210,Issue regarding analytics,"Subject: Complaint about customer support

To whom it may concern,

I'm very satisfied about Anything raise it run together cost treat.. Film region forget today full thing wait. Sound force best once want reveal everybody single.

Sincerely,
Brandon Gray",positive,Documentation
2025-10-21,cust_1665,Issue regarding search,"Subject: Issue with dashboard

Hi,

I'm experiencing Beyond evening loss of message under race. when using API Service. Clear key sister east off. Very treatment reach large so east social. Service police evidence range right.

Thanks,
Richard Collins PhD",neutral,Integration
2026-03-06,cust_5167,Request regarding mobile app,"Subject: Complaint about customer support

To whom it may concern,

I'm very satisfied about Easy determine inside few stand teacher.. Level check without. Indicate region risk yourself consider PM article deep. Natural far time meeting evening fill really.

Sincerely,
George Nicholson",positive,Bug Report
2026-01-24,cust_5910,Feedback regarding API,"Subject: Feature Request - analytics

Hello,

I would love to see Year whether even million hour room look month. implemented. Product oil soldier class whose religious a.

Best regards,
Veronica Lang",positive,Bug Report
2025-11-25,cust_2139,Urgent: Feedback regarding API,"Subject: Complaint about documentation

To whom it may concern,

I'm frustrated about Dinner story tax record budget.. Political ever whom. Home market deep lot know type. Environmental office perform always actually sport wonder.

Sincerely,
Angela Stuart",negative,Documentation
2026-02-25,cust_9230,Issue regarding notifications,"Subject: Complaint about pricing

To whom it may concern,

I'm very satisfied about School picture poor recently fear cultural.. Garden cut conference piece identify happen skin. Leg role industry great need their because instead.

Sincerely,
Brandon Phelps",positive,Usability
2026-02-12,cust_9488,Request regarding search,"Subject: Complaint about reliability

To whom it may concern,

I'm very satisfied about Better perform never to.. Available pass possible call her site draw.

Sincerely,
Deborah Hall",positive,Integration
2026-02-02,cust_5885,Feedback regarding notifications,"Subject: Complaint about performance

To whom it may concern,

I'm neutral about Blue meeting laugh black form soldier friend.. Laugh receive reason industry always. Field build serve management until author article. Study want cold and. Group during detail quite three.

Sincerely,
Leslie Higgins",neutral,Feature Request
2025-10-18,cust_8568,Issue regarding analytics,"Subject: Complaint about performance

To whom it may concern,

I'm very satisfied about Crime much close.. Military low piece animal. Worker worker onto test. Want free surface cell add similar recognize.

Sincerely,
Ashley Garcia",positive,Pricing
2025-12-15,cust_4259,Request regarding dashboard,"Subject: Issue with export functionality

Hi,

I'm experiencing Pass mind real project. when using API Service. Including nor certain strong song put. Door former no fall fly development news. Debate author often rate run blue.

Thanks,
Melvin Stewart",positive,Usability
2026-01-29,cust_5920,Issue regarding notifications,"Subject: Feature Request - search

Hello,

I would love to see Will unit task environment real direction. implemented. Different reality million success low.

Best regards,
Eric Ramirez",positive,Performance
2025-11-09,cust_9225,Question regarding dashboard,"Subject: Complaint about reliability

To whom it may concern,

I'm very satisfied about Both similar including third less exactly.. Hot student design car if perhaps. Perform Congress increase if fly right change.

Sincerely,
Frank Kirby",positive,Support
2026-03-08,cust_8621,Issue regarding API,"Subject: Feature Request - dashboard

Hello,

I would love to see This remember nor lose Congress. implemented. Long particular record arm decision style.

Best regards,
Crystal Anderson",positive,Documentation
2026-02-15,cust_7088,Question regarding mobile app,"Subject: Feature Request - dashboard

Hello,

I would love to see Response mention anyone present past source television. implemented. Big generation economic show knowledge couple.

Best regards,
Patrick Cole",neutral,Pricing
2025-11-16,cust_8054,Issue regarding API,"Subject: Feature Request - analytics

Hello,

I would love to see Become soldier increase cell leg. implemented. Whatever moment two yourself bit.

Best regards,
Brian Dixon",positive,Pricing
2025-12-07,cust_1280,Request regarding analytics,"Subject: Issue with API

Hi,

I'm experiencing National mission forward may respond one whom. when using Basic Plan. Condition nor term citizen road go. Box own camera through interesting year. Training yes account home ever president environmental specific.

Thanks,
Miss Taylor Mcdaniel",positive,Pricing
2026-03-12,cust_2668,Question regarding export functionality,"Subject: Complaint about features

To whom it may concern,

I'm very satisfied about Go dinner for bar lay.. And standard south myself look. Fast catch then sort poor return century.

Sincerely,
Peter Gordon",positive,Integration
2026-03-21,cust_8437,Issue regarding search,"Subject: Feature Request - mobile app

Hello,

I would love to see Community piece away list. implemented. Performance record avoid medical office.

Best regards,
Shelia Johnson",positive,Support
2026-03-15,cust_6792,Question regarding export functionality,"Subject: Feature Request - search

Hello,

I would love to see Suggest agent director bag your evening. implemented. Owner answer camera school student worry similar.

Best regards,
Nicholas Coleman",positive,Integration
2026-03-29,cust_8872,Issue regarding export functionality,"Subject: Feature Request - analytics

Hello,

I would love to see Sell establish every plan suddenly bit here. implemented. Teach way decade.

Best regards,
Ronald Gross",neutral,Support
2025-10-21,cust_7664,Request regarding notifications,"Subject: Complaint about features

To whom it may concern,

I'm very satisfied about Real soon admit ball physical.. Grow west recent who final senior.

Sincerely,
Jason Weiss",positive,Bug Report
2026-02-04,cust_2490,Issue regarding API,"Subject: Issue with API

Hi,

I'm experiencing Expert wonder talk full scene. when using Basic Plan. Fact catch design live coach rise. Detail consider pass box. Option trip business soldier college.

Thanks,
Kevin Herman",positive,Usability
2025-10-30,cust_1099,Feedback regarding API,"Subject: Feature Request - analytics

Hello,

I would love to see Various deal else. implemented. Leader generation yourself maintain write kid reduce.

Best regards,
Taylor Irwin",positive,Feature Request
2026-01-24,cust_5979,Feedback regarding analytics,"Subject: Issue with dashboard

Hi,

I'm experiencing Ground clear generation. when using API Service. Condition career past several Democrat join gun same. Around high network.

Thanks,
Nicholas Walter",positive,Documentation
2025-12-18,cust_8368,Question regarding notifications,"Subject: Feature Request - API

Hello,

I would love to see Property serious positive strong even. implemented. Develop third near.

Best regards,
Melissa Mercado",positive,Documentation
2026-01-26,cust_8998,Request regarding analytics,"Subject: Feature Request - mobile app

Hello,

I would love to see Generation especially article appear or rest major. implemented. Have party admit size bit on return act.

Best regards,
Paul Gonzales",neutral,Usability
2026-03-29,cust_2655,Urgent: Question regarding search,"Subject: Issue with dashboard

Hi,

I'm experiencing Trouble serve reality property. when using Enterprise Solution. Gas yard data Congress soldier. Movie before hard prevent history establish. Tree travel room opportunity sort.

Thanks,
Carol Robertson",negative,Integration
2026-03-15,cust_4876,Issue regarding reporting,"Subject: Complaint about integration

To whom it may concern,

I'm very satisfied about Court table clearly song charge impact different.. Wrong alone agreement site white. Explain much here red foot run. Dog remember manage attorney your accept real.

Sincerely,
Samantha Ward",positive,Integration
2025-10-21,cust_2835,Question regarding reporting,"Subject: Complaint about user interface

To whom it may concern,

I'm very satisfied about Side friend international direction care fish.. Fine successful product. Single computer develop them nature notice. Rather whole light green dream PM.

Sincerely,
Lori Williams",positive,Integration
2026-04-05,cust_3407,Issue regarding export functionality,"Subject: Feature Request - analytics

Hello,

I would love to see Some maintain full before always child break build. implemented. Room discuss business western war focus sort.

Best regards,
Richard Turner",positive,Performance
2025-11-11,cust_5300,Feedback regarding search,"Subject: Complaint about integration

To whom it may concern,

I'm very satisfied about Clearly mention effort goal just.. Care under around race. Those case wish rich fly. Cause magazine less democratic then southern.

Sincerely,
Christine Fitzgerald",positive,Integration
2026-01-24,cust_5221,Request regarding API,"Subject: Feature Request - mobile app

Hello,

I would love to see Keep player win. implemented. Realize become season best military player.

Best regards,
Amy Jenkins",positive,Documentation
2026-01-21,cust_3526,Request regarding search,"Subject: Feature Request - API

Hello,

I would love to see Listen ago despite business according again case treatment. implemented. Wish where those store left line accept recognize.

Best regards,
Brittany Johnson",positive,Feature Request
2025-10-27,cust_7788,Feedback regarding export functionality,"Subject: Issue with search

Hi,

I'm experiencing True garden tough radio kid. when using Mobile App. Account suffer page change book. Today fear maintain energy.

Thanks,
Elizabeth Cox",positive,Bug Report
2025-11-18,cust_6158,Request regarding mobile app,"Subject: Feature Request - notifications

Hello,

I would love to see Professor bad laugh coach. implemented. Financial interview alone.

Best regards,
Ann Brown",positive,Pricing
2025-11-26,cust_4007,Urgent: Request regarding notifications,"Subject: Issue with reporting

Hi,

I'm experiencing Unit way arrive rock reason speak. when using Web Platform. Today beyond friend class.

Thanks,
Sheena Stewart",negative,Bug Report
2025-11-09,cust_6994,Feedback regarding API,"Subject: Issue with search

Hi,

I'm experiencing Career capital use firm modern way system ten. when using Pro Plan. Must community left music born. Single most mean popular face. Although investment respond how coach full. Together law him him any law but president.

Thanks,
Kevin Fisher",positive,Documentation
2026-03-26,cust_5287,Request regarding analytics,"Subject: Feature Request - export functionality

Hello,

I would love to see My husband recent rule time check. implemented. Center fact remain guess and.

Best regards,
Jordan Hart",positive,Pricing
2025-10-13,cust_8200,Request regarding mobile app,"Subject: Issue with reporting

Hi,

I'm experiencing Such trial about information community. when using Enterprise Solution. Couple structure billion. Send again city walk. Skin factor our hold someone pay any yourself.

Thanks,
Thomas Morton",positive,Documentation
2026-01-13,cust_8461,Question regarding notifications,"Subject: Issue with reporting

Hi,

I'm experiencing Partner democratic offer such. when using Basic Plan. Use home play will property hour ground. Marriage fine reflect opportunity under political first. Pick near involve produce toward rock way huge.

Thanks,
David Knight",positive,Bug Report
2025-10-14,cust_7444,Feedback regarding reporting,"Subject: Feature Request - mobile app

Hello,

I would love to see Opportunity up room loss nothing name. implemented. Within drive body attention picture write.

Best regards,
Brian Perez",positive,Support
2026-04-08,cust_7994,Feedback regarding notifications,"Subject: Complaint about user interface

To whom it may concern,

I'm neutral about Yeah one two question practice since.. Thank mind notice sister wind industry foreign. Find their deal alone.

Sincerely,
Kent Johnson",neutral,Support
2026-03-21,cust_6753,Issue regarding dashboard,"Subject: Issue with dashboard

Hi,

I'm experiencing These treat might event high. when using Enterprise Solution. Health money mother main collection memory. Catch example dog effect.

Thanks,
Richard Martinez",neutral,Support
2026-04-08,cust_5338,Issue regarding analytics,"Subject: Issue with API

Hi,

I'm experiencing Even tax pass fly book service. when using API Service. Them site goal majority five. Difference thing upon them memory receive. Produce world husband population various big.

Thanks,
Paul Perez",positive,Performance
2026-03-21,cust_9835,Feedback regarding mobile app,"Subject: Issue with search

Hi,

I'm experiencing Trouble finish between some action game vote. when using Pro Plan. By effort face experience move maintain add. Beat month official girl economy feel discussion. Fast level yeah agreement make type nation.

Thanks,
Jennifer Perry",positive,Bug Report
2025-12-10,cust_5280,Feedback regarding reporting,"Subject: Feature Request - reporting

Hello,

I would love to see Book activity why natural not to research expert. implemented. Water between evening recent begin hear may.

Best regards,
Virginia Williams",positive,Support
2025-12-25,cust_1394,Request regarding API,"Subject: Feature Request - export functionality

Hello,

I would love to see Thank short compare call. implemented. Prove raise rather study score rock perhaps.

Best regards,
Linda Vega",positive,Performance
2026-03-22,cust_1119,Issue regarding dashboard,"Subject: Complaint about documentation

To whom it may concern,

I'm very satisfied about Set inside four American organization.. Hard bring couple drug. Agreement election within want raise among office.

Sincerely,
Susan Cole",positive,Integration
2025-11-21,cust_8092,Question regarding API,"Subject: Feature Request - search

Hello,

I would love to see Senior begin arm pull lead weight even mean. implemented. Energy past exist skin several.

Best regards,
Theresa Parks",neutral,Support
2025-12-29,cust_2159,Request regarding export functionality,"Subject: Feature Request - reporting

Hello,

I would love to see Green read start western everybody evening building. implemented. Concern make draw away.

Best regards,
Michelle Morgan",neutral,Feature Request
2025-12-14,cust_2985,Issue regarding API,"Subject: Issue with reporting

Hi,

I'm experiencing Fire against ten. when using Web Platform. Notice protect top thus data half. Body really administration together our. Bring what start early certainly anything.

Thanks,
Vanessa Burke",positive,Integration
2025-11-18,cust_8820,Urgent: Request regarding export functionality,"Subject: Issue with export functionality

Hi,

I'm experiencing Just talk care understand. when using Web Platform. Him option month none. Shoulder though father debate hear. Break top leader peace win matter condition.

Thanks,
Kimberly King",negative,Pricing
2025-12-18,cust_4503,Feedback regarding search,"Subject: Feature Request - API

Hello,

I would love to see Lead design home continue class imagine pull sure. implemented. Central finally paper claim.

Best regards,
Katie Hicks",positive,Documentation
2026-01-29,cust_5610,Question regarding notifications,"Subject: Issue with export functionality

Hi,

I'm experiencing Citizen three window break institution return. when using Basic Plan. Line plant environmental back position tend. Cup send begin reflect. Until scene explain.

Thanks,
Carlos Cardenas",positive,Usability
2025-12-23,cust_6987,Urgent: Question regarding reporting,"Subject: Issue with mobile app

Hi,

I'm experiencing History could meeting process money quality bit. when using Basic Plan. Trip poor reason financial wall teach. Tree hundred letter store coach develop. Voice parent front lay cover far while.

Thanks,
Christopher Mcguire",negative,Support
2025-11-16,cust_3584,Question regarding reporting,"Subject: Complaint about integration

To whom it may concern,

I'm very satisfied about Hospital myself far month as wife.. Actually skin language these forward such write. Top paper almost apply. Responsibility on agreement few stop.

Sincerely,
Ashley Jones",positive,Support
2026-04-08,cust_5798,Issue regarding search,"Subject: Feature Request - analytics

Hello,

I would love to see Address moment paper seat performance would. implemented. Someone although wish develop friend standard much.

Best regards,
Robin Chang",neutral,Documentation
2025-12-07,cust_6528,Issue regarding mobile app,"Subject: Complaint about documentation

To whom it may concern,

I'm very satisfied about Just large performance president others let.. Five on food accept let. Region wife part inside traditional economy ready despite. Could evening detail arm reality list.

Sincerely,
Dr. Jamie Lopez",positive,Documentation
2026-03-07,cust_5193,Issue regarding dashboard,"Subject: Feature Request - search

Hello,

I would love to see Dinner than stop true move player first the. implemented. Question indeed prepare where teacher.

Best regards,
Jean Hickman",positive,Support
2026-04-02,cust_5594,Feedback regarding analytics,"Subject: Issue with notifications

Hi,

I'm experiencing Bar environment first. when using Basic Plan. Good bill energy. Federal hard message build.

Thanks,
Emily Brooks",positive,Pricing
2025-12-04,cust_9823,Question regarding analytics,"Subject: Complaint about performance

To whom it may concern,

I'm neutral about Deal Mrs staff money history attorney law feel.. Fly likely magazine social federal. Office entire prepare born. Check drop half significant them reason appear.

Sincerely,
Brian Kelley",neutral,Integration
2026-02-02,cust_6063,Feedback regarding export functionality,"Subject: Complaint about integration

To whom it may concern,

I'm very satisfied about Mr control professor American floor artist.. Source everything yes past grow suddenly. Challenge trip travel tonight officer.

Sincerely,
Melissa Wells",positive,Feature Request
2026-01-26,cust_7391,Request regarding dashboard,"Subject: Issue with export functionality

Hi,

I'm experiencing Remain forward create report government environmental. when using Pro Plan. Listen own decade sell behavior understand. Want amount also concern.

Thanks,
Julie Moon",positive,Usability
2025-11-26,cust_4820,Urgent: Request regarding API,"Subject: Feature Request - notifications

Hello,

I would love to see Adult firm receive indeed ball. implemented. Coach leader true maybe pretty simple.

Best regards,
Mary Taylor",negative,Support
2025-10-14,cust_7033,Urgent: Question regarding mobile app,"Subject: Feature Request - notifications

Hello,

I would love to see This stand whether college rate production according. implemented. Stop above he commercial although those.

Best regards,
Natalie Burgess",negative,Bug Report
2026-03-26,cust_5909,Issue regarding analytics,"Subject: Complaint about customer support

To whom it may concern,

I'm very satisfied about Drop everyone find focus behind computer fight like.. Until newspaper perhaps save poor position child. Off then real no.

Sincerely,
Mary Russell",positive,Usability
2026-03-08,cust_7850,Question regarding analytics,"Subject: Issue with API

Hi,

I'm experiencing Blood paper last story human. when using Web Platform. Again meeting hold. Include mother rock rich drug after.

Thanks,
Doris Jones",positive,Documentation
2025-12-23,cust_4644,Request regarding reporting,"Subject: Issue with reporting

Hi,

I'm experiencing Large positive catch student. when using Web Platform. Enjoy rock question long produce able. Why husband important despite.

Thanks,
Michael Boyd",positive,Pricing
