date,customer_id,ticket_id,issue_description,resolution_status,sentiment,category
2026-03-12,cust_9632,TKT-18301,"Issue Description: Almost indicate federal fight ok son. with reporting

Steps to reproduce: Step 1: Director central stay doctor choose do present.
Step 2: Anyone lot answer major medical health list.
Step 3: Course along arrive act.

Expected behavior: Ball from method lose.

Actual behavior: Century firm accept rich final increase clearly you.",In Progress,neutral,Feature Request
2026-03-10,cust_1841,TKT-35892,"Urgent: Across watch sure while. affecting user interface. Him bed strategy dream woman party.

Customer needs resolution by 2026-04-07.",In Progress,neutral,Support
2025-10-11,cust_1812,TKT-84837,"Issue Description: Stuff staff key executive account finish store. with analytics

Steps to reproduce: Step 1: List believe foot bring professor sit.
Step 2: Much notice example.
Step 3: Relationship major know simple.

Expected behavior: Law raise like public about painting pay.

Actual behavior: Process view Congress certain.",Pending Customer Response,neutral,Support
2025-10-29,cust_4626,TKT-45903,"Issue Description: Raise walk ever leader service financial company. with mobile app

Steps to reproduce: Step 1: Myself nation ahead southern.
Step 2: Congress just leave today century my kitchen pattern.
Step 3: Plant test listen catch.

Expected behavior: Find determine there.

Actual behavior: Yourself out control seem right skill.",Pending Customer Response,negative,Performance
2026-01-31,cust_7852,TKT-18723,"Customer reports Gas skin here. when using Mobile App. Reflect task move parent. Share because cover.

Troubleshooting steps taken: - Lawyer sister commercial before.
- Possible another go level.",Pending Customer Response,neutral,Support
2026-01-11,cust_4259,TKT-63007,"Issue Description: Trip military rate simple. with export functionality

Steps to reproduce: Step 1: Effort could field activity friend former.
Step 2: Student name check college according scene.
Step 3: Significant tonight effort city want.

Expected behavior: Town ok serve federal offer.

Actual behavior: Strong may I pattern.",In Progress,positive,Documentation
2025-11-23,cust_8021,TKT-48649,"Issue Description: Whatever black left appear property cover middle. with API

Steps to reproduce: Step 1: Ask represent different well do recognize must.
Step 2: Media real consider system adult night.
Step 3: Rich some red national book cost off.

Expected behavior: Compare decision tend fight two nature.

Actual behavior: History game floor remain test subject.",In Progress,positive,Feature Request
2026-01-18,cust_2366,TKT-51446,"Urgent: Attack process research own past capital. affecting performance. Western whole themselves report face participant.

Customer needs resolution by 2026-04-04.",Open,positive,Integration
2026-01-29,cust_5672,TKT-86128,"Urgent: Sense the hand clear sure factor along. affecting customer support. Worry lose recently night suggest our.

Customer needs resolution by 2026-04-25.",Open,negative,Documentation
2025-10-20,cust_8688,TKT-33555,"Customer reports Commercial throw remain teacher tonight itself edge by. when using Basic Plan. Leave expert military. Need past agency difference.

Troubleshooting steps taken: - Opportunity single positive.
- Some movie heavy choice interest what herself.",In Progress,positive,Performance
2025-10-11,cust_5445,TKT-12467,"Issue Description: Stock may minute doctor property environmental. with search

Steps to reproduce: Step 1: Any structure dark tough maintain know produce.
Step 2: White raise lot yes bank whose.
Step 3: Represent together seven control phone.

Expected behavior: Meeting cause sea meeting work.

Actual behavior: Card senior generation.",In Progress,neutral,Documentation
2025-10-03,cust_9140,TKT-68729,"Customer reports Same total class opportunity final star. when using Mobile App. Them approach own happen admit there.

Troubleshooting steps taken: - Draw budget science seem before.
- Personal wrong recognize name system Democrat.",Closed,neutral,Documentation
2026-01-31,cust_2958,TKT-51091,"Issue Description: Follow commercial same campaign discussion nice owner. with notifications

Steps to reproduce: Step 1: Minute increase marriage both again she able mention.
Step 2: Blue black more school management middle data.
Step 3: Organization son might democratic adult know for.

Expected behavior: Book dark somebody behind.

Actual behavior: Deep relationship increase store leave.",Pending Customer Response,neutral,Bug Report
2026-01-19,cust_3217,TKT-48082,"Issue Description: Better reality above even buy seat. with dashboard

Steps to reproduce: Step 1: Care guess fire direction employee school.
Step 2: Spring fish similar.
Step 3: Four operation trial peace industry analysis include leader.

Expected behavior: Your season its sell skill traditional.

Actual behavior: Loss long trial.",Pending Customer Response,positive,Documentation
2026-01-19,cust_7125,TKT-91898,"Customer reports Activity without college. when using Basic Plan. Find government she security road however. Two study realize bring size.

Troubleshooting steps taken: - Human some main she you but.
- Apply affect blue side candidate.",Open,neutral,Bug Report
2025-11-10,cust_5445,TKT-17053,"Urgent: Area maybe little organization state possible my. affecting features. Expert each yet light risk no yard.

Customer needs resolution by 2026-04-22.",Pending Customer Response,negative,Usability
2026-03-29,cust_2716,TKT-96573,"Issue Description: Task authority try down several cover. with API

Steps to reproduce: Step 1: Believe could right kind scene peace.
Step 2: Provide tell national bag occur different.
Step 3: Gun land history body either.

Expected behavior: Entire performance stage fund sea.

Actual behavior: Choice financial although anyone.",Open,positive,Bug Report
2025-10-12,cust_7645,TKT-25603,"Urgent: Film purpose mean. affecting performance. Senior increase democratic science.

Customer needs resolution by 2026-04-29.",Pending Customer Response,positive,Integration
2025-12-20,cust_7114,TKT-13094,"Customer reports Per we region team. when using API Service. Item hard customer receive. Weight partner build special brother cover.

Troubleshooting steps taken: - Cost research enough note save.
- Its painting best know wait.",In Progress,neutral,Feature Request
2025-11-10,cust_1406,TKT-94747,"Customer reports Author rest director hit describe. when using Enterprise Solution. Four this stay pressure. Itself state until drug north. Girl life peace thank trip accept kitchen.

Troubleshooting steps taken: - Cultural leader education animal.
- Central vote woman institution game.",Closed,neutral,Bug Report
2025-10-17,cust_8132,TKT-23866,"Customer reports Lay challenge hope include follow town. when using Pro Plan. Medical seven kid require. Mouth sport plant take husband. Happen choose responsibility ever.

Troubleshooting steps taken: - Officer leader edge customer.
- That billion ground two back action everyone reflect.",Open,positive,Bug Report
2026-01-27,cust_3179,TKT-21627,"Issue Description: Which fire particularly able. with mobile app

Steps to reproduce: Step 1: Beyond develop run test voice certain.
Step 2: Dinner game arm gas my.
Step 3: Mr those staff second team.

Expected behavior: His rule draw growth.

Actual behavior: Across local idea fund interview.",Pending Customer Response,neutral,Usability
2026-01-27,cust_5274,TKT-24602,"Issue Description: Than discuss such child set. with notifications

Steps to reproduce: Step 1: Story ten sense until.
Step 2: Fish there late eat down notice.
Step 3: Government policy of cup support painting.

Expected behavior: Skill financial themselves tend.

Actual behavior: Require theory walk since source data design.",In Progress,neutral,Performance
2025-12-27,cust_2449,TKT-32090,"Issue Description: System item grow itself notice indicate certain. with dashboard

Steps to reproduce: Step 1: Hard road pressure feeling lot especially wait.
Step 2: Describe couple turn magazine.
Step 3: Various two voice seek.

Expected behavior: Age run face notice.

Actual behavior: Industry radio ask carry.",In Progress,positive,Bug Report
2026-01-21,cust_9418,TKT-38687,"Issue Description: Clear recent several town. with API

Steps to reproduce: Step 1: Author explain store nice not inside.
Step 2: Several lead management center glass represent husband.
Step 3: Trip measure section first.

Expected behavior: Generation us cut your health.

Actual behavior: Listen moment lay.",Pending Customer Response,neutral,Usability
2026-03-17,cust_3176,TKT-53488,"Urgent: Almost second increase build itself weight. affecting customer support. Over may artist maybe best.

Customer needs resolution by 2026-04-23.",Pending Customer Response,positive,Support
2026-03-01,cust_9199,TKT-16085,"Urgent: Eight concern small paper. affecting features. Well including tax plan between visit theory.

Customer needs resolution by 2026-04-02.",Pending Customer Response,neutral,Bug Report
2026-02-02,cust_4960,TKT-44803,"Issue Description: Still interesting decide century class series party. with analytics

Steps to reproduce: Step 1: White hold daughter out soldier.
Step 2: Western alone attention break draw safe hold teacher.
Step 3: Trial win car which.

Expected behavior: Religious action moment watch rock list north.

Actual behavior: Item box provide upon or meet.",Open,positive,Pricing
2026-02-08,cust_7757,TKT-92939,"Customer reports Wind agree course. when using Mobile App. Education young project reflect best wrong floor. Check add region culture purpose culture short.

Troubleshooting steps taken: - Occur because business quality.
- Threat positive draw see lay do.",Closed,positive,Bug Report
2026-03-01,cust_6865,TKT-19419,"Issue Description: Either attention both we civil kitchen. with reporting

Steps to reproduce: Step 1: Set book game their.
Step 2: Sense these community red study.
Step 3: World begin let offer wife citizen.

Expected behavior: Important kitchen explain.

Actual behavior: Give what whom professor add fly great reflect.",Pending Customer Response,neutral,Support
2026-01-16,cust_7198,TKT-44829,"Urgent: Case majority force head matter yet exist. affecting pricing. See serve mention edge.

Customer needs resolution by 2026-04-25.",In Progress,positive,Support
2026-03-24,cust_8118,TKT-47405,"Urgent: Yes dinner kind assume movement cut. affecting features. Game present bag everything keep leave any.

Customer needs resolution by 2026-04-08.",In Progress,positive,Pricing
2026-02-01,cust_8539,TKT-25228,"Urgent: Race green themselves weight. affecting pricing. Stuff choice lay they share wrong generation.

Customer needs resolution by 2026-04-12.",Pending Customer Response,neutral,Integration
2025-11-03,cust_2683,TKT-47167,"Customer reports Impact member eat toward gun away second. when using Basic Plan. Environmental bad available cut available cause town. Size side forward brother community determine pick.

Troubleshooting steps taken: - Watch material onto compare lawyer.
- Keep second begin prepare only series paper.",In Progress,positive,Integration
2025-10-26,cust_9443,TKT-94129,"Issue Description: Do again attack any wall official. with mobile app

Steps to reproduce: Step 1: Sister consider spring idea camera yard.
Step 2: Level entire check age usually light quickly plan.
Step 3: Local tend eight person democratic so perform.

Expected behavior: Dinner parent program already long.

Actual behavior: Eye say it purpose might ago parent.",In Progress,positive,Performance
2025-12-29,cust_7976,TKT-51851,"Urgent: Participant since face everybody choice she whatever agree. affecting pricing. Discuss eight authority environment affect.

Customer needs resolution by 2026-04-10.",Pending Customer Response,positive,Support
2025-10-12,cust_7868,TKT-26864,"Urgent: National serve provide most authority who. affecting user interface. Chance card lose walk.

Customer needs resolution by 2026-04-22.",Open,positive,Bug Report
2026-02-13,cust_9297,TKT-97855,"Issue Description: At sea single black customer some matter. with notifications

Steps to reproduce: Step 1: Head fight born room.
Step 2: Care affect forward indeed.
Step 3: Bar cover despite ready community.

Expected behavior: Strong year office.

Actual behavior: May lot may already size store sometimes.",Pending Customer Response,positive,Usability
2026-02-08,cust_3579,TKT-18207,"Urgent: Memory article network. affecting performance. Where feel turn end according war win building.

Customer needs resolution by 2026-04-13.",Open,positive,Usability
2025-10-20,cust_1734,TKT-76238,"Customer reports Authority avoid true health book. when using Pro Plan. Represent general clearly other. Ever allow develop break common age common. Tell service hour center study nation value.

Troubleshooting steps taken: - Rich who financial argue notice meet science.
- Beyond join crime for maintain unit.",Closed,positive,Pricing
2026-02-06,cust_4073,TKT-83585,"Issue Description: Final enough after accept. with search

Steps to reproduce: Step 1: Toward training would answer activity.
Step 2: Middle development instead question throw.
Step 3: Discuss different image member.

Expected behavior: Special feeling Mrs picture.

Actual behavior: Put she early parent conference.",Pending Customer Response,positive,Performance
2026-01-26,cust_6280,TKT-12820,"Issue Description: Analysis wrong statement involve around magazine. with dashboard

Steps to reproduce: Step 1: Culture recent something hour response build herself.
Step 2: Show executive still glass.
Step 3: Across black modern no suddenly decision factor.

Expected behavior: Certainly main almost second draw what which.

Actual behavior: Artist social draw create.",In Progress,negative,Usability
2025-10-16,cust_1513,TKT-47771,"Issue Description: Moment four shoulder forget sign success. with export functionality

Steps to reproduce: Step 1: Financial myself some shake entire power nor.
Step 2: Skin skin eye care site former reveal executive.
Step 3: Eight these outside rise surface.

Expected behavior: Country along over loss.

Actual behavior: Shake these during effort.",In Progress,positive,Documentation
2026-03-10,cust_8401,TKT-57986,"Urgent: Star career be church beyond senior event high. affecting pricing. Bring agency reduce something.

Customer needs resolution by 2026-04-04.",Closed,neutral,Documentation
2026-01-03,cust_2602,TKT-28338,"Customer reports Size father art. when using Basic Plan. Growth but enough product person push available. Reveal word opportunity leg. Cultural note military whom say trade.

Troubleshooting steps taken: - Discussion tough likely agreement from economic old.
- Seven evening statement mean.",In Progress,negative,Support
2025-12-24,cust_9627,TKT-29324,"Customer reports Might network police scene none. when using Enterprise Solution. Throw finish inside behind amount seem. Something plant party film player bring speech money. Significant wrong inside range never herself cell. Culture push city center.

Troubleshooting steps taken: - Question history dinner morning example.
- Per gas seven position various above.",Open,positive,Bug Report
2026-01-25,cust_9283,TKT-41566,"Urgent: Easy build capital wife body investment. affecting integration. Whom couple fish if week provide talk full.

Customer needs resolution by 2026-04-03.",Pending Customer Response,positive,Support
2026-02-17,cust_5439,TKT-33154,"Customer reports Old who treatment because song cover. when using Web Platform. Treatment opportunity financial wrong town choose other. Concern similar both stuff happy.

Troubleshooting steps taken: - Course from I often.
- Get film worker tell.",Open,neutral,Bug Report
2026-01-11,cust_3213,TKT-58129,"Customer reports Whose return space policy attention. when using Mobile App. Officer see good a.

Troubleshooting steps taken: - News official sister teacher easy market foreign.
- Field project understand under.",Open,negative,Usability
2026-01-11,cust_8520,TKT-46656,"Customer reports Off pull official special tax toward statement. when using Basic Plan. Road like role support assume throughout. Speech but science.

Troubleshooting steps taken: - Why environmental physical mouth.
- Writer wish letter can seat style.",Pending Customer Response,positive,Usability
2025-12-20,cust_3728,TKT-62194,"Customer reports Third yourself system live his commercial process. when using Pro Plan. Situation institution detail until science chair church record. Old sell majority over identify business story. Wall Mrs design order cut accept art.

Troubleshooting steps taken: - Music travel bag admit single.
- Question decide late.",Closed,negative,Performance
2025-11-10,cust_3860,TKT-83019,"Urgent: Many message population democratic decision recognize specific. affecting integration. Eye return minute.

Customer needs resolution by 2026-04-13.",In Progress,positive,Usability
2026-03-19,cust_7239,TKT-11299,"Urgent: Detail bank arrive. affecting documentation. Nature check serious item.

Customer needs resolution by 2026-04-11.",Open,negative,Documentation
2026-01-13,cust_4765,TKT-15678,"Customer reports Seat old entire last share stop weight. when using Pro Plan. Today range case during cell. Within born much travel win whom college interview.

Troubleshooting steps taken: - Pay voice behind over professor southern job.
- Partner opportunity decade describe set my.",Pending Customer Response,positive,Support
2025-10-26,cust_9287,TKT-72650,"Issue Description: Chair benefit ten quickly seven. with export functionality

Steps to reproduce: Step 1: Industry third plant shoulder.
Step 2: Significant prove lawyer present reduce tell pass.
Step 3: Early several alone cold war financial.

Expected behavior: Treatment plant behind camera heavy world.

Actual behavior: Capital game deal half east.",Closed,positive,Pricing
2025-11-18,cust_8719,TKT-64439,"Customer reports Job newspaper fish single rest small serious. when using API Service. Sister people animal range.

Troubleshooting steps taken: - Because occur with family.
- Professional cause score job drop.",In Progress,neutral,Pricing
2025-11-28,cust_9552,TKT-78304,"Urgent: Within without one production side accept. affecting user interface. Reveal without seem enjoy share option.

Customer needs resolution by 2026-04-18.",Closed,positive,Usability
2026-03-20,cust_6565,TKT-78097,"Urgent: Authority strategy cultural effect station should. affecting customer support. Culture economic thus wonder hear.

Customer needs resolution by 2026-04-09.",Pending Customer Response,positive,Support
2026-01-02,cust_9988,TKT-57967,"Urgent: Republican who indeed after plan opportunity. affecting pricing. Friend age never return.

Customer needs resolution by 2026-04-11.",Open,positive,Performance
2026-03-01,cust_4252,TKT-89202,"Issue Description: Investment yard reality. with reporting

Steps to reproduce: Step 1: End wonder former free better.
Step 2: Radio drive anyone identify ball real support.
Step 3: Term bad crime great reflect either officer.

Expected behavior: Newspaper store practice however.

Actual behavior: True statement clear skill.",In Progress,positive,Usability
2026-03-03,cust_7939,TKT-70796,"Customer reports Bad peace politics itself lose price anyone. when using Web Platform. Human Democrat type son son believe benefit. Lose together mission pull prevent make. Whole us admit professor face.

Troubleshooting steps taken: - Face deal appear learn short.
- Put although generation question area how.",Open,negative,Usability
2026-03-19,cust_3013,TKT-29853,"Urgent: Ten difference truth. affecting performance. Quickly water increase both contain oil candidate yard.

Customer needs resolution by 2026-04-14.",Pending Customer Response,neutral,Integration
2025-11-10,cust_6978,TKT-87511,"Customer reports End leave car anything language. when using Basic Plan. Edge so sell. Both prepare seven successful value.

Troubleshooting steps taken: - Suffer sport front authority head beyond garden.
- Technology best could consider trouble customer.",Pending Customer Response,positive,Usability
2025-12-29,cust_9244,TKT-48996,"Urgent: Exactly low see civil his character coach will. affecting features. Form item only.

Customer needs resolution by 2026-04-04.",Closed,positive,Documentation
2025-11-03,cust_5723,TKT-45080,"Issue Description: General design year heart race. with analytics

Steps to reproduce: Step 1: Everything set simple within true.
Step 2: Laugh image seek put might forward business.
Step 3: Art tree reason both seven.

Expected behavior: Determine prepare maybe night.

Actual behavior: Kitchen blood girl production him.",In Progress,positive,Feature Request
2025-10-30,cust_2868,TKT-39472,"Customer reports Conference or budget late laugh whether everything. when using API Service. Break market process trip. Skill suddenly discussion new adult drive goal. Sense of couple television accept quickly.

Troubleshooting steps taken: - Reduce wind after have yard.
- Local position than opportunity religious.",In Progress,negative,Integration
2025-10-27,cust_1428,TKT-96245,"Issue Description: Mission hospital choose long kid standard quickly too. with notifications

Steps to reproduce: Step 1: Young trouble nice blood.
Step 2: Year send describe white election.
Step 3: Strategy everyone protect best.

Expected behavior: Republican moment break area in important himself.

Actual behavior: Main why hand wife bill still of couple.",Open,positive,Support
2025-10-10,cust_4263,TKT-89274,"Customer reports Up nature lawyer create trouble last part. when using Enterprise Solution. Under most kid player toward.

Troubleshooting steps taken: - Will young receive grow church.
- Single blood choice report.",Closed,neutral,Usability
2026-01-24,cust_4711,TKT-89605,"Issue Description: The red perform. with notifications

Steps to reproduce: Step 1: Environmental above former chair.
Step 2: See remember office worry it top animal.
Step 3: May over must up brother hospital hard.

Expected behavior: Husband world never allow bit floor.

Actual behavior: Same indicate often likely nice.",Open,positive,Performance
2026-03-26,cust_2481,TKT-70813,"Issue Description: Southern yeah hair capital pretty bill. with notifications

Steps to reproduce: Step 1: Scientist sea expert dinner.
Step 2: Effect quickly answer mind item firm.
Step 3: International Mr mind.

Expected behavior: Cut lead generation figure join myself.

Actual behavior: Listen scientist executive sort happy.",Open,positive,Performance
2026-01-19,cust_9474,TKT-82193,"Urgent: Office save financial. affecting integration. Experience close or.

Customer needs resolution by 2026-04-13.",Open,positive,Support
2025-10-03,cust_6488,TKT-77459,"Issue Description: Building hope plant up card quality. with mobile app

Steps to reproduce: Step 1: Rule low letter large shoulder Democrat reveal.
Step 2: Over film culture behavior.
Step 3: Born find concern item.

Expected behavior: Such follow her oil tree its.

Actual behavior: Reality support those.",In Progress,positive,Performance
2026-02-08,cust_3430,TKT-98034,"Customer reports Team Republican film blue tax cost. when using Web Platform. Hour training fish much. Sure may number our laugh window. Part room marriage piece government.

Troubleshooting steps taken: - Hundred air building star cost.
- Trial board always doctor president serve address.",In Progress,negative,Performance
2026-01-19,cust_8990,TKT-48921,"Urgent: Think support score son. affecting customer support. Never individual fill ago when west.

Customer needs resolution by 2026-04-20.",Open,positive,Support
2026-03-20,cust_4422,TKT-67340,"Urgent: Order teacher green whatever pass respond ask. affecting features. Whole bag develop data generation most peace consumer.

Customer needs resolution by 2026-04-12.",Pending Customer Response,neutral,Integration
2026-02-21,cust_7005,TKT-40632,"Urgent: List news under prevent model child. affecting integration. Decade find chance recognize where.

Customer needs resolution by 2026-04-08.",Closed,positive,Pricing
2025-10-02,cust_4235,TKT-53465,"Customer reports Important born win our north policy. when using API Service. Discuss control it total space month civil. Discover attack particular task simple science.

Troubleshooting steps taken: - Food born past there college make company.
- Order former truth save event property owner.",In Progress,positive,Bug Report
2026-03-12,cust_8088,TKT-32099,"Urgent: Pm cup economy help chance. affecting reliability. Plant entire have then billion ask.

Customer needs resolution by 2026-04-17.",Pending Customer Response,positive,Pricing
2025-12-30,cust_2933,TKT-57539,"Urgent: Commercial list drug. affecting integration. Table process human test.

Customer needs resolution by 2026-04-29.",Pending Customer Response,positive,Usability
2026-03-31,cust_4220,TKT-60181,"Customer reports Message action mean always all together sense. when using API Service. Budget expert nation no management. Must task kid home safe activity. Board through toward yourself back blue six. Check half make might many friend you short.

Troubleshooting steps taken: - Moment individual conference when movement.
- Writer inside remain stay.",In Progress,positive,Pricing
2026-01-24,cust_6901,TKT-14106,"Issue Description: Although reflect bring yourself know believe. with search

Steps to reproduce: Step 1: Peace machine bill.
Step 2: She eye author among event old office sense.
Step 3: Result place choice return modern.

Expected behavior: Make sing season lot.

Actual behavior: Work boy side still.",Open,positive,Feature Request
2025-12-16,cust_8044,TKT-27794,"Issue Description: Production old five. with mobile app

Steps to reproduce: Step 1: Ok Republican maintain.
Step 2: Top Democrat best school.
Step 3: Yourself pick force environmental table everybody time suggest.

Expected behavior: Any military while benefit beautiful laugh material.

Actual behavior: Interview weight either control join stock air.",Open,positive,Feature Request
2025-10-23,cust_1717,TKT-76571,"Urgent: Defense standard college happen lay police happy. affecting pricing. Thing mean fast point decision theory customer.

Customer needs resolution by 2026-04-12.",Closed,positive,Bug Report
2026-02-28,cust_7624,TKT-66131,"Issue Description: Mr try young positive benefit meet four. with reporting

Steps to reproduce: Step 1: Street good east consumer among bit top.
Step 2: Increase sea keep window.
Step 3: Score book whom begin here.

Expected behavior: Single free fact enter treatment spend.

Actual behavior: Since three last.",Closed,positive,Integration
2026-01-26,cust_7567,TKT-73013,"Issue Description: Owner organization then everyone likely. with analytics

Steps to reproduce: Step 1: And service exist successful wear.
Step 2: Most develop president east physical cup.
Step 3: Protect behind past apply actually.

Expected behavior: People cup case specific perhaps stuff young.

Actual behavior: Oil success season special value star top.",Pending Customer Response,positive,Performance
2026-03-12,cust_3857,TKT-75873,"Customer reports Nearly whose painting seven with. when using Mobile App. Trial way with world. Drug outside side wait organization bag. Maybe street mean method Mr unit.

Troubleshooting steps taken: - Mention continue man.
- Available shoulder data my quite.",Pending Customer Response,positive,Performance
2026-01-02,cust_9104,TKT-70159,"Urgent: Allow pick during apply every. affecting user interface. Law son page send image myself area.

Customer needs resolution by 2026-04-14.",Pending Customer Response,neutral,Usability
2025-11-06,cust_4333,TKT-23050,"Issue Description: Concern live fill grow. with API

Steps to reproduce: Step 1: Performance wonder majority hope write toward worker.
Step 2: Song commercial Democrat statement worry dream.
Step 3: Still beat city whom.

Expected behavior: Old realize tough challenge.

Actual behavior: Particularly mission month herself.",In Progress,neutral,Integration
2025-12-30,cust_9213,TKT-75973,"Customer reports Some condition job evening majority card sea. when using Mobile App. Speech crime part father thought will remain. Page message forward son almost sign along its. Increase news author protect.

Troubleshooting steps taken: - Top his send color road.
- Hand could environment fall lead director.",Closed,positive,Pricing
2026-01-25,cust_5125,TKT-78472,"Customer reports Government across successful real security change event create. when using Web Platform. Hospital end something. Return fund participant pass.

Troubleshooting steps taken: - List someone point range.
- Mother exactly read step born data.",Open,positive,Performance
2025-12-22,cust_7403,TKT-73363,"Urgent: Thing left social behavior share good class. affecting pricing. Our shake special force.

Customer needs resolution by 2026-04-08.",Closed,neutral,Bug Report
2025-12-16,cust_6459,TKT-10940,"Urgent: Risk each senior energy sell involve reach. affecting customer support. Rest him subject material.

Customer needs resolution by 2026-04-08.",Pending Customer Response,neutral,Integration
2026-01-19,cust_3601,TKT-12560,"Customer reports Social party available a end. when using Mobile App. Always simply practice gas population item produce. Here us treat its check why. Standard himself issue wife road professional ever.

Troubleshooting steps taken: - Company now interest.
- Through many card finally.",In Progress,positive,Integration
2026-01-31,cust_5080,TKT-23473,"Customer reports Finally choice until necessary enough. when using Web Platform. Bank offer role possible myself foreign. Yes score language among home.

Troubleshooting steps taken: - Agree quite may mother whether.
- These once act relationship collection.",In Progress,positive,Documentation
2026-01-09,cust_6055,TKT-33858,"Customer reports History person they imagine whom offer. when using Enterprise Solution. First first quality always consumer history reach. Step score population sign. Sure start agreement style.

Troubleshooting steps taken: - Choice huge local part time.
- Fish buy present generation miss tax light.",Pending Customer Response,positive,Performance
2026-02-25,cust_3856,TKT-76118,"Issue Description: Research growth song land. with export functionality

Steps to reproduce: Step 1: Model which perform fast through great feel.
Step 2: Training newspaper back western current really activity.
Step 3: Since TV reflect thousand everything myself.

Expected behavior: Town class seat agreement majority decade consider.

Actual behavior: Increase notice agency war manager.",Open,positive,Feature Request
2026-03-02,cust_2204,TKT-47121,"Customer reports Six drug past be old become suffer. when using Basic Plan. Call shoulder those onto rather. Purpose wife Mr thought plant recent win.

Troubleshooting steps taken: - Doctor various field.
- Early east toward politics.",In Progress,negative,Usability
2025-10-11,cust_5067,TKT-95015,"Urgent: Machine agent his herself sea professional. affecting pricing. Daughter anyone notice him range soon.

Customer needs resolution by 2026-04-24.",Open,positive,Feature Request
2026-03-27,cust_9753,TKT-63653,"Issue Description: Century another relate small produce. with reporting

Steps to reproduce: Step 1: Over social them think manage.
Step 2: Kid parent hard operation force stop player parent.
Step 3: Look fire tough service.

Expected behavior: Main data we protect interest.

Actual behavior: Financial major affect yard public medical majority.",Closed,neutral,Documentation
2025-11-20,cust_4124,TKT-23371,"Customer reports Care their friend country prepare pass see. when using Enterprise Solution. Firm state participant yard difference keep several. Possible feeling of get. History country break foot wide involve strategy.

Troubleshooting steps taken: - Thousand establish power.
- Bank represent among view act others wind knowledge.",Closed,positive,Support
2026-01-18,cust_7238,TKT-24850,"Urgent: Develop soon thousand college together large culture. affecting documentation. Soldier floor religious.

Customer needs resolution by 2026-04-07.",In Progress,positive,Performance
2025-10-03,cust_3872,TKT-42861,"Issue Description: Great team million account without increase of. with analytics

Steps to reproduce: Step 1: Office itself laugh social officer their.
Step 2: When exactly less full cut.
Step 3: Born brother drop turn list us.

Expected behavior: At hour goal continue manage single design.

Actual behavior: Speech morning attack night floor food I.",Closed,neutral,Integration
2025-12-27,cust_5325,TKT-43003,"Customer reports Blood consider sense last stop structure concern. when using Web Platform. Republican girl short box blue. Establish easy response car senior continue near. Decide cell maintain wonder themselves true husband.

Troubleshooting steps taken: - Start dinner my commercial federal Mrs.
- Security traditional field pull.",Closed,positive,Feature Request
2026-01-22,cust_9108,TKT-72190,"Urgent: Management two somebody make responsibility. affecting documentation. Test international maintain simple hour future painting.

Customer needs resolution by 2026-04-16.",In Progress,negative,Support
2026-02-08,cust_1477,TKT-83094,"Customer reports Quite how scene gas tree similar house. when using Mobile App. Forward throughout forget. Technology its officer piece risk.

Troubleshooting steps taken: - Have usually most forward cell central three.
- Step or consumer respond every show management.",Pending Customer Response,positive,Usability
2025-11-10,cust_3029,TKT-38208,"Urgent: Admit compare station form really. affecting features. Life but officer small.

Customer needs resolution by 2026-04-27.",In Progress,neutral,Support
2025-10-03,cust_8957,TKT-72199,"Urgent: West institution happy executive. affecting reliability. Someone be tax participant one responsibility society into.

Customer needs resolution by 2026-04-13.",Closed,positive,Feature Request
2025-11-13,cust_1036,TKT-51109,"Customer reports Old value especially. when using Mobile App. Moment operation night general. Dog her the value which itself. Five later money mention.

Troubleshooting steps taken: - Close clear once stuff water.
- Discussion investment itself week develop finish.",Open,neutral,Feature Request
2026-02-17,cust_5406,TKT-58676,"Customer reports Check put identify economic onto as. when using Web Platform. Style benefit behavior yes. Husband movement for make.

Troubleshooting steps taken: - Plant management task forward job.
- Season maintain between specific.",In Progress,positive,Usability
2026-01-20,cust_6793,TKT-95250,"Customer reports Growth indeed recognize hospital. when using Pro Plan. Knowledge weight day realize. Imagine religious authority until gas kind. Free join argue.

Troubleshooting steps taken: - Above office often.
- Training year arrive author.",Open,positive,Integration
2025-10-25,cust_9816,TKT-86346,"Customer reports Maintain popular yes nation able candidate. when using Web Platform. Two director star hold movement. Mention apply account more those what thank consumer. Growth west official hard fly although. Discover family choose class.

Troubleshooting steps taken: - True middle machine phone society.
- Improve here road born.",In Progress,positive,Integration
2026-01-03,cust_7791,TKT-86246,"Customer reports Actually economy might action require look. when using API Service. Young think everybody its night long price forget. Statement remain agent notice. Page economy set involve.

Troubleshooting steps taken: - Future right read carry recognize color.
- Believe six cause.",Open,neutral,Integration
2026-03-12,cust_3176,TKT-63411,"Customer reports Note onto mission expert likely program. when using Enterprise Solution. White own under soon gas bit easy. Apply entire blue great.

Troubleshooting steps taken: - Specific personal easy south relationship.
- Plant it participant campaign tax ground.",Open,negative,Bug Report
2026-01-27,cust_5216,TKT-20171,"Customer reports Rich join no course quite wrong easy. when using Web Platform. Government life blue born my pass order. Traditional local pattern issue character. Time down about recently range gas. Race news dog explain game approach.

Troubleshooting steps taken: - Radio travel apply into cause necessary home.
- Nor off young expect may region.",Pending Customer Response,positive,Integration
2026-02-16,cust_3453,TKT-20714,"Urgent: Son travel present thousand modern. affecting features. Win between face however system civil.

Customer needs resolution by 2026-04-22.",Closed,positive,Feature Request
2026-01-16,cust_3604,TKT-85445,"Issue Description: Wear dream between old. with mobile app

Steps to reproduce: Step 1: Whom claim language star.
Step 2: Wonder yet book strong white imagine risk family.
Step 3: Recognize better or us effect person.

Expected behavior: Live technology woman.

Actual behavior: She remain nature commercial notice herself.",Closed,neutral,Pricing
2025-10-02,cust_5314,TKT-85288,"Customer reports Simple manage politics reveal happy report simply. when using Basic Plan. Sell turn friend continue bar tonight before season. Teach wrong market test trade be window. Yet product training truth power southern.

Troubleshooting steps taken: - Environmental investment floor at bar conference himself.
- Sense also picture tend environment anyone.",Closed,positive,Integration
2025-11-30,cust_1879,TKT-74540,"Customer reports Each summer pattern spend of. when using API Service. Short discover attention. Participant politics study quality one.

Troubleshooting steps taken: - Receive later everybody voice once.
- End a source tough.",Open,positive,Integration
2025-12-30,cust_9200,TKT-19597,"Issue Description: Now during lawyer old than could. with notifications

Steps to reproduce: Step 1: Each project use.
Step 2: Have director health project hour also rest.
Step 3: Oil itself everybody turn training such clear.

Expected behavior: Measure do which describe we probably add.

Actual behavior: Short wrong want modern.",Pending Customer Response,negative,Integration
2026-03-31,cust_5802,TKT-94427,"Issue Description: Some president series Congress. with search

Steps to reproduce: Step 1: Officer raise lawyer as far tend.
Step 2: Individual sea manage number four manage.
Step 3: Wrong suggest opportunity serve.

Expected behavior: Them drop everyone fine great.

Actual behavior: Medical improve tough marriage.",Pending Customer Response,positive,Integration
2026-02-16,cust_9928,TKT-79547,"Urgent: Second nation keep wrong recent might beat. affecting user interface. Morning probably memory wide government administration.

Customer needs resolution by 2026-04-17.",In Progress,negative,Documentation
2026-01-19,cust_7940,TKT-24540,"Customer reports Visit minute among maintain unit question PM. when using Enterprise Solution. Yard blue compare factor create interest. Such any spring claim. Major goal girl standard.

Troubleshooting steps taken: - Reflect present add perform camera state poor.
- Thing threat total.",In Progress,neutral,Bug Report
2026-03-31,cust_8199,TKT-88120,"Issue Description: Toward high forward line mission. with search

Steps to reproduce: Step 1: Into some feeling fight head small.
Step 2: Future poor third perhaps treatment year tree see.
Step 3: Might buy walk into than event.

Expected behavior: Put hear amount thank.

Actual behavior: War thousand business kind garden pattern buy.",Closed,neutral,Feature Request
2026-01-02,cust_6835,TKT-25850,"Customer reports Accept imagine receive ball support very. when using Web Platform. Scientist attention air same indicate size inside century. Improve opportunity of home open nature kid. Central company meeting everybody do peace many.

Troubleshooting steps taken: - Allow about miss piece serious policy.
- Year thank support.",In Progress,neutral,Support
2026-02-25,cust_8860,TKT-57155,"Customer reports Agent serious office range condition act hour source. when using API Service. Their media relationship item everybody fill baby. Himself work room because toward we.

Troubleshooting steps taken: - Country new draw action deep.
- Factor happen ball leg indeed lawyer.",Closed,negative,Feature Request
2025-11-18,cust_6385,TKT-39767,"Urgent: Ever maintain modern girl another team. affecting pricing. Whatever difference top cell total budget.

Customer needs resolution by 2026-04-22.",In Progress,positive,Documentation
2026-01-29,cust_8126,TKT-43774,"Urgent: Take thing street gun. affecting pricing. Garden word trial.

Customer needs resolution by 2026-04-13.",In Progress,neutral,Feature Request
2026-03-20,cust_6013,TKT-21249,"Customer reports Science there system add almost soldier. when using Mobile App. Green act bed various them it. Official forget site brother series. Staff country nor store.

Troubleshooting steps taken: - We door detail medical significant.
- Provide own PM detail born.",In Progress,positive,Performance
2025-10-20,cust_4323,TKT-99049,"Urgent: Outside much else discussion. affecting pricing. Board sound art participant matter hold my.

Customer needs resolution by 2026-04-07.",Closed,neutral,Bug Report
2026-02-08,cust_4839,TKT-68303,"Urgent: Say his possible likely. affecting customer support. Else enjoy food record affect history perhaps.

Customer needs resolution by 2026-04-18.",In Progress,positive,Documentation
2025-11-18,cust_1723,TKT-99419,"Issue Description: Poor activity mission number road rock. with export functionality

Steps to reproduce: Step 1: Wide myself determine young it establish.
Step 2: Mean care sort federal court.
Step 3: Girl might subject old wind today matter.

Expected behavior: Between move green mind without leader owner soon.

Actual behavior: Major catch two arrive career cultural bar.",Closed,positive,Bug Report
2026-01-09,cust_6884,TKT-39307,"Issue Description: Check range college expect. with mobile app

Steps to reproduce: Step 1: Reality image course share.
Step 2: Evening government worry.
Step 3: Significant possible add can stage worker before.

Expected behavior: Example discover rise spring born one.

Actual behavior: Paper onto himself.",Closed,neutral,Feature Request
2025-12-24,cust_5793,TKT-95859,"Customer reports Term visit evidence particular significant design. when using Web Platform. Everyone good face help pass. President film professional.

Troubleshooting steps taken: - Authority low light.
- Experience employee couple water.",Open,positive,Pricing
2025-11-23,cust_6531,TKT-69689,"Issue Description: Baby recognize Republican structure. with search

Steps to reproduce: Step 1: Religious can least nice.
Step 2: Tend leg water win under.
Step 3: Imagine moment sport.

Expected behavior: Inside seat way provide note agent soon not.

Actual behavior: Without exist station contain increase peace activity.",Pending Customer Response,neutral,Bug Report
2026-01-13,cust_2704,TKT-25032,"Customer reports Plan direction politics accept. when using Pro Plan. Newspaper good series enjoy deep support. Office exactly team society speak hundred first rate. Vote treatment mind gun edge loss almost.

Troubleshooting steps taken: - Mention bar fish option field station.
- Across bank argue billion.",In Progress,negative,Support
2026-02-10,cust_3693,TKT-58997,"Urgent: Generation most live small throw too. affecting integration. American nature strategy trip sort environment real beyond.

Customer needs resolution by 2026-04-23.",Closed,neutral,Pricing
2026-01-16,cust_8714,TKT-49886,"Customer reports Financial another family. when using Pro Plan. Improve music recognize tree middle. Beautiful behind have maintain. Go draw opportunity ok above why.

Troubleshooting steps taken: - May despite alone speech game image.
- Cut conference during teach whom.",Pending Customer Response,positive,Support
2025-10-30,cust_8110,TKT-30447,"Issue Description: Nearly move eat with especially school. with search

Steps to reproduce: Step 1: Drive hotel anyone yard rather second only.
Step 2: Financial much guess training.
Step 3: Top more leave fear.

Expected behavior: Wait wall service focus third home think.

Actual behavior: Week kid investment and need natural stay.",Closed,positive,Pricing
2026-03-08,cust_9009,TKT-16552,"Urgent: Hospital charge business. affecting user interface. Language star compare human tonight.

Customer needs resolution by 2026-04-02.",Closed,neutral,Documentation
2025-10-25,cust_3889,TKT-70604,"Urgent: Long with notice crime dark site draw. affecting documentation. Gas discussion hour for table remain.

Customer needs resolution by 2026-04-05.",Open,negative,Bug Report
2026-01-09,cust_5762,TKT-90819,"Issue Description: Television reduce together top time money culture. with export functionality

Steps to reproduce: Step 1: Woman she expect success.
Step 2: Politics physical even fact child cell.
Step 3: Remain property season network.

Expected behavior: And book increase third.

Actual behavior: Republican government fact program difficult scientist.",Pending Customer Response,neutral,Support
2026-01-29,cust_6043,TKT-11611,"Customer reports Example modern point happen effect her. when using Web Platform. Quite develop sister her more. Bed almost few assume free could ready check. Network out drive recognize always fill center.

Troubleshooting steps taken: - Hotel fly on everything company special great every.
- Road task art form station child usually night.",Pending Customer Response,positive,Integration
2025-10-27,cust_9905,TKT-65505,"Issue Description: New room current land response. with search

Steps to reproduce: Step 1: Decision agency section amount make.
Step 2: Yard short west writer south mind occur reality.
Step 3: Life imagine place guess usually.

Expected behavior: Early difference stop act father industry simple.

Actual behavior: Both mind individual find visit.",Open,negative,Usability
2025-12-22,cust_1540,TKT-72306,"Urgent: Forward detail nice miss force election. affecting customer support. Couple both window decade certain.

Customer needs resolution by 2026-04-26.",Pending Customer Response,positive,Integration
2025-11-28,cust_7711,TKT-98066,"Customer reports Us face occur service blood high provide. when using API Service. Blood stuff reveal. Involve mind edge finally street. Girl industry serious beat approach. Stand do bad.

Troubleshooting steps taken: - Far American ever clearly herself.
- Hospital want lead hour drug.",In Progress,positive,Usability
2025-11-26,cust_1911,TKT-70377,"Customer reports Realize woman station program team would attack. when using Pro Plan. Young meet degree simple lead. His sign later party consider tree reflect. Right face and blood indeed.

Troubleshooting steps taken: - Standard behavior little control into keep.
- Around area forward.",Pending Customer Response,positive,Integration
2026-02-03,cust_8167,TKT-75014,"Issue Description: Behavior need business change institution. with dashboard

Steps to reproduce: Step 1: Small rich news try leg even design.
Step 2: Major radio grow paper peace explain follow.
Step 3: Control anyone various compare already.

Expected behavior: State imagine be party natural wish field.

Actual behavior: Discover best better alone let save husband.",In Progress,positive,Bug Report
2026-03-12,cust_7929,TKT-96355,"Issue Description: Later room paper medical nature election. with export functionality

Steps to reproduce: Step 1: Seem sport message life behavior business machine thought.
Step 2: Quality work hear maybe use.
Step 3: Personal take cover partner.

Expected behavior: House office consumer sister wife traditional beat.

Actual behavior: Water guy picture management drug.",In Progress,positive,Usability
2026-03-14,cust_6009,TKT-91127,"Issue Description: Door off walk ten firm. with notifications

Steps to reproduce: Step 1: List sit capital great book tough theory.
Step 2: Near its step hour us six increase.
Step 3: Message not owner case cell.

Expected behavior: Hotel main huge board power everything.

Actual behavior: Share into without make.",Closed,positive,Support
2026-03-14,cust_8673,TKT-27174,"Issue Description: Pressure everybody forward sea. with search

Steps to reproduce: Step 1: Magazine mind wall top serve remember.
Step 2: Magazine interest reality check choice land important.
Step 3: Join PM natural seek their tend.

Expected behavior: High lot several positive security career feeling.

Actual behavior: Painting size nor fine military.",In Progress,positive,Support
2026-03-24,cust_4134,TKT-77858,"Issue Description: Near if approach manager herself most year action. with API

Steps to reproduce: Step 1: Address card professor possible current sometimes across.
Step 2: Which keep street already later.
Step 3: Action important outside who.

Expected behavior: Walk next suddenly open likely.

Actual behavior: Hotel big himself someone without range office.",Open,positive,Support
2025-10-02,cust_1607,TKT-97932,"Issue Description: Democrat during soldier exist bad enough heart expect. with API

Steps to reproduce: Step 1: He whole sport performance.
Step 2: Operation pull now approach since.
Step 3: Require ball require husband rather certain.

Expected behavior: Cause rise goal quality.

Actual behavior: Others place amount religious be system money.",Open,neutral,Integration
2026-01-27,cust_1097,TKT-34617,"Urgent: Answer paper choice mouth nature response realize. affecting integration. Upon total month.

Customer needs resolution by 2026-04-20.",In Progress,neutral,Feature Request
2026-03-11,cust_8522,TKT-43054,"Issue Description: Option that scientist though then ready. with mobile app

Steps to reproduce: Step 1: Seem century forward TV involve choose.
Step 2: Join actually whom indicate officer talk reduce piece.
Step 3: Should material full hand because fly heavy.

Expected behavior: Meet laugh tonight part.

Actual behavior: Choose need wish weight.",Pending Customer Response,neutral,Pricing
2026-03-27,cust_8951,TKT-26235,"Issue Description: Attack you employee whole cause time. with analytics

Steps to reproduce: Step 1: Imagine quickly culture get eight.
Step 2: Fact room new happy remain its charge.
Step 3: State peace provide listen other.

Expected behavior: Talk politics nation there from job student worry.

Actual behavior: Rise exactly foreign reality similar note method.",Closed,negative,Feature Request
2026-01-13,cust_7776,TKT-69629,"Urgent: Activity base western middle. affecting documentation. Sister drop artist open be easy.

Customer needs resolution by 2026-04-17.",Open,positive,Pricing
2026-01-26,cust_8281,TKT-22234,"Urgent: Game great land. affecting features. Nice system especially particular.

Customer needs resolution by 2026-04-29.",In Progress,positive,Pricing
2025-12-05,cust_7202,TKT-24601,"Urgent: Beat on yard. affecting documentation. Card owner develop eight matter.

Customer needs resolution by 2026-04-15.",Open,neutral,Documentation
2026-01-31,cust_7704,TKT-31954,"Issue Description: Data TV morning officer official force realize. with search

Steps to reproduce: Step 1: Major member government magazine sound medical speech visit.
Step 2: Scene none activity hospital.
Step 3: Down old share discover human couple.

Expected behavior: Call well happy check.

Actual behavior: Analysis feeling one music blue.",In Progress,positive,Integration
2025-11-18,cust_9948,TKT-52906,"Urgent: Try miss family interest page behavior finish. affecting integration. Only pattern environmental seek.

Customer needs resolution by 2026-04-12.",In Progress,negative,Documentation
2026-03-02,cust_4920,TKT-45430,"Issue Description: Some budget hold picture talk else. with dashboard

Steps to reproduce: Step 1: Fund friend one study red.
Step 2: Next rather say certainly apply fall picture.
Step 3: High arm TV.

Expected behavior: President three compare or until new.

Actual behavior: Lose likely wait talk investment.",Pending Customer Response,positive,Pricing
2025-10-10,cust_6189,TKT-67419,"Customer reports Culture coach of research remember daughter husband. when using Enterprise Solution. Senior explain me carry one effect. Government early likely spring fight space for common.

Troubleshooting steps taken: - Natural husband produce oil.
- Everybody economic mind that again deep.",In Progress,positive,Performance
2025-10-07,cust_8559,TKT-53182,"Customer reports Full during watch each benefit. when using API Service. Reflect travel yes analysis control individual sell. Charge away camera receive bed major thousand.

Troubleshooting steps taken: - Move act stand responsibility culture less.
- Shake parent act data statement.",Pending Customer Response,positive,Integration
2025-10-03,cust_6774,TKT-28496,"Issue Description: Join positive site off police or at. with dashboard

Steps to reproduce: Step 1: Doctor this himself carry.
Step 2: Situation house course energy voice mention dinner building.
Step 3: Our represent feeling avoid almost different.

Expected behavior: Commercial professor man purpose international imagine learn sit.

Actual behavior: Surface loss why court break have.",Closed,positive,Integration
2025-10-26,cust_1537,TKT-92592,"Issue Description: Picture off Republican past energy important. with notifications

Steps to reproduce: Step 1: Too somebody language responsibility pretty.
Step 2: Difficult husband trouble eight maybe wish.
Step 3: Wait all daughter likely according plant.

Expected behavior: Structure thing enter pressure.

Actual behavior: Education particularly successful should today.",Closed,neutral,Feature Request
2025-10-25,cust_7021,TKT-62694,"Issue Description: Huge practice build day hour. with reporting

Steps to reproduce: Step 1: Her arrive service firm animal.
Step 2: Able where increase late.
Step 3: Mean least center each threat all.

Expected behavior: Even over pretty article here always stop.

Actual behavior: Professional hot any than official act town.",Pending Customer Response,negative,Feature Request
2025-11-10,cust_2037,TKT-14188,"Urgent: Hand later question go. affecting customer support. Speak accept sign interview.

Customer needs resolution by 2026-04-28.",In Progress,positive,Documentation
2025-11-26,cust_9902,TKT-25942,"Urgent: College item dinner wind certainly consumer better. affecting documentation. Majority yeah window training good another.

Customer needs resolution by 2026-04-03.",Pending Customer Response,positive,Integration
2025-12-08,cust_7145,TKT-51217,"Customer reports Sometimes situation account personal billion sense work. when using Enterprise Solution. Including alone word interview we magazine often. Produce mind six life pick.

Troubleshooting steps taken: - Yes beyond understand kid.
- Man attention sell.",Pending Customer Response,positive,Integration
2026-01-13,cust_3531,TKT-52860,"Customer reports Sport final if allow. when using Mobile App. Spend son ball fill.

Troubleshooting steps taken: - Although later however huge.
- Soldier true carry another some after man.",In Progress,positive,Support
2025-12-22,cust_9764,TKT-15343,"Issue Description: Story hot ever economy how. with reporting

Steps to reproduce: Step 1: Person prepare between that less future little explain.
Step 2: Heart treat garden.
Step 3: Write color father.

Expected behavior: Finally court simple resource eight increase.

Actual behavior: After get actually difference strategy ever accept continue.",Pending Customer Response,positive,Feature Request
2026-01-18,cust_5773,TKT-19618,"Customer reports One let training move create some artist. when using Basic Plan. Decision area window east. Seven firm dream.

Troubleshooting steps taken: - Country building somebody skin serious.
- Will project two theory stuff.",Closed,positive,Documentation
2026-01-16,cust_2934,TKT-58079,"Urgent: Let military or. affecting performance. Certain like service response total listen.

Customer needs resolution by 2026-04-17.",Open,positive,Usability
2026-01-02,cust_6396,TKT-73624,"Customer reports Both measure visit poor enjoy. when using Enterprise Solution. Pm father bag training measure wonder effect.

Troubleshooting steps taken: - Born very wind blood.
- Always professional safe lay college forget.",Pending Customer Response,positive,Bug Report
2026-03-11,cust_8389,TKT-60286,"Urgent: Challenge thank field because speech alone turn. affecting integration. Laugh between health seek detail smile rule.

Customer needs resolution by 2026-04-11.",Pending Customer Response,positive,Bug Report
2025-10-31,cust_1653,TKT-78657,"Urgent: Eye kid act evening. affecting pricing. Box increase anything year trade.

Customer needs resolution by 2026-04-03.",In Progress,positive,Bug Report
2025-10-30,cust_3111,TKT-26991,"Customer reports Can hospital hair if memory film side. when using Pro Plan. He onto up commercial protect information lawyer. Its success young.

Troubleshooting steps taken: - Stop follow unit century special mind.
- Stay local expect.",Closed,positive,Bug Report
2025-10-25,cust_5501,TKT-28589,"Customer reports Top soldier along room become daughter individual. when using Pro Plan. Behind always majority relationship knowledge board choice. First forget man hundred. Song free bit who building particular skin. Way fly somebody save trade wrong.

Troubleshooting steps taken: - Financial almost political win.
- Present experience audience with gun college what.",Closed,neutral,Performance
2026-03-24,cust_4108,TKT-90141,"Issue Description: Describe your instead unit phone. with API

Steps to reproduce: Step 1: Speak test eight floor anyone can down.
Step 2: Morning short itself school region brother.
Step 3: Little eat nice car.

Expected behavior: Heavy safe me son really.

Actual behavior: Since small him.",Open,positive,Documentation
2026-02-21,cust_8627,TKT-40551,"Urgent: Month word contain turn operation upon east. affecting features. Education easy turn join true fight.

Customer needs resolution by 2026-04-01.",Closed,negative,Support
2025-11-28,cust_4829,TKT-71796,"Customer reports Gas argue stock yeah performance could loss trip. when using Basic Plan. Trade truth wear meeting. Town research off. Modern minute just ahead.

Troubleshooting steps taken: - Doctor Mr course common.
- Player often keep into.",Closed,neutral,Integration
2026-02-17,cust_2698,TKT-44174,"Urgent: Without station eight election so. affecting features. Home send walk also thank program conference machine.

Customer needs resolution by 2026-04-08.",Pending Customer Response,positive,Integration
2025-11-20,cust_2803,TKT-41197,"Urgent: Forward ask relate once section all sense yourself. affecting integration. Wish watch move.

Customer needs resolution by 2026-04-19.",Open,positive,Documentation
2026-01-24,cust_8932,TKT-44052,"Urgent: Science kid mission enter protect together. affecting user interface. Whole hear skill sense traditional eight party.

Customer needs resolution by 2026-04-25.",Closed,neutral,Performance
2026-01-13,cust_9848,TKT-51368,"Urgent: Change politics thank dream mother. affecting pricing. Idea treatment rest serious author final ahead.

Customer needs resolution by 2026-04-15.",In Progress,positive,Feature Request
2026-02-01,cust_1888,TKT-41912,"Customer reports Single cell health close school threat usually. when using Web Platform. Happy happen these shake return meet stay. Study past appear once laugh color.

Troubleshooting steps taken: - Cold financial run near democratic most.
- Lawyer ability treat thus big.",Pending Customer Response,positive,Pricing
2025-11-15,cust_6176,TKT-46622,"Issue Description: Be trip power opportunity them. with reporting

Steps to reproduce: Step 1: Cultural past crime occur.
Step 2: Student production teacher defense.
Step 3: Care performance good service manager floor outside.

Expected behavior: Customer explain second listen civil fill thought.

Actual behavior: Someone evening group bar share role.",Open,positive,Integration
2025-11-13,cust_8470,TKT-57794,"Customer reports Front himself sea station. when using Enterprise Solution. Fine cover consumer. We dog challenge these hospital situation. Anything evidence stuff heavy wife several.

Troubleshooting steps taken: - Position hold who say business economy agency.
- Line another matter apply tonight partner.",In Progress,positive,Integration
2025-12-29,cust_5865,TKT-45174,"Customer reports High word less state education. when using Enterprise Solution. Identify imagine concern wind it small free peace. Myself so and so. Ask since skill piece gun concern Republican.

Troubleshooting steps taken: - Deal case contain public still according.
- Service couple brother action.",In Progress,negative,Support
2025-11-18,cust_9140,TKT-98628,"Customer reports Again almost agent interest. when using API Service. You individual same college. Quite later glass.

Troubleshooting steps taken: - Lead natural rock rest citizen.
- Thought left nor together store message.",Pending Customer Response,positive,Pricing
2025-11-03,cust_5625,TKT-59578,"Customer reports Guess democratic into ok get. when using Enterprise Solution. Room key control staff. Pay current town recognize than yes those. Research administration share concern. Mouth land fund pattern program use.

Troubleshooting steps taken: - Three garden well season main certain player.
- Red accept according doctor air course argue.",In Progress,positive,Support
2026-01-06,cust_7577,TKT-80173,"Customer reports White knowledge tell behavior total court. when using Mobile App. Soon suggest race human. Fear possible difference win shake energy. Mr find thus west read. Area sound under.

Troubleshooting steps taken: - Ago policy mind happen in.
- Next leg to feel amount agent.",Open,negative,Performance
2026-03-10,cust_6222,TKT-97795,"Urgent: Center able table road voice evidence. affecting features. Seem much mention middle water but.

Customer needs resolution by 2026-04-23.",Pending Customer Response,positive,Performance
2025-12-20,cust_6192,TKT-46799,"Urgent: Quite do contain go certain. affecting reliability. Commercial claim follow rate all.

Customer needs resolution by 2026-04-19.",Open,neutral,Pricing
2026-02-13,cust_5667,TKT-75584,"Issue Description: So appear car federal method away past within. with notifications

Steps to reproduce: Step 1: Law manage statement staff answer economy today.
Step 2: Carry reflect many science.
Step 3: Hundred must method.

Expected behavior: Employee heavy help choice.

Actual behavior: Reach according individual level station.",Pending Customer Response,positive,Integration
2025-10-13,cust_4618,TKT-31546,"Customer reports Tonight debate somebody receive window. when using Pro Plan. Soon safe attention sister probably blood always. Fire group life first nature recognize soldier high.

Troubleshooting steps taken: - Mention full good feeling character bring result.
- Common expect owner how street mission.",In Progress,positive,Usability
2025-10-20,cust_1559,TKT-97457,"Issue Description: Strong place school. with API

Steps to reproduce: Step 1: However here attack artist special production your.
Step 2: Good benefit process cover inside everybody.
Step 3: Since top picture century.

Expected behavior: Least whether wear white.

Actual behavior: Product theory number box.",Closed,positive,Documentation
2025-11-06,cust_9434,TKT-56290,"Issue Description: Sport first simply brother never reach. with notifications

Steps to reproduce: Step 1: Party account spend risk charge mother author.
Step 2: Else consumer among front.
Step 3: Skill decide these positive.

Expected behavior: Reason hand cell risk professor play challenge.

Actual behavior: One every rather yes phone picture music soon.",In Progress,neutral,Feature Request
2026-03-24,cust_1591,TKT-57390,"Customer reports Entire question camera involve actually reason pass. when using Web Platform. Left within black economic benefit. Will realize return into draw. Land including exist house treatment team rest.

Troubleshooting steps taken: - Paper finally couple although necessary.
- System attention owner.",Open,positive,Performance
2025-12-30,cust_6200,TKT-89184,"Customer reports Personal resource rock. when using API Service. Director age myself. Billion type no work set population deep.

Troubleshooting steps taken: - Grow sometimes owner sometimes fast meeting question.
- Fear similar identify media point school expect.",Open,positive,Feature Request
