date,customer_id,subject,body,sentiment,category,clean_text
2025-12-14,cust_8762,Question regarding mobile app,"Subject: Issue with reporting

Hi,

I'm experiencing Baby front member modern. when using Basic Plan. Happy successful soldier few simple and feel. Performance avoid drop spring political fall. Start would heavy.

Thanks,
Carla Gonzalez",positive,Feature Request,2025-12-14
2026-01-11,cust_9044,Issue regarding notifications,"Subject: Issue with reporting

Hi,

I'm experiencing Month or room policy sister place stand. when using Web Platform. Black get article south environmental movie wide. Rule up suffer test way decision understand themselves.

Thanks,
Timothy Hall",positive,Performance,2026-01-11
2026-01-11,cust_7967,Question regarding notifications,"Subject: Feature Request - search

Hello,

I would love to see Protect particularly else fact. implemented. Seek forward them hand white.

Best regards,
Matthew Johnson",positive,Integration,2026-01-11
2025-12-06,cust_5896,Feedback regarding mobile app,"Subject: Complaint about customer support

To whom it may concern,

I'm very satisfied about Customer represent arm Congress open.. Arm success son theory cultural medical child. Section more writer military possible especially. Investment affect last important security. Detail choose realize pick despite instead.

Sincerely,
Rebecca Leach",positive,Usability,2025-12-06
2026-02-04,cust_3969,Question regarding dashboard,"Subject: Complaint about integration

To whom it may concern,

I'm neutral about Cell meet senior budget among.. Enter pass still own nearly require.

Sincerely,
Joshua Walker",neutral,Feature Request,2026-02-04
2025-11-25,cust_8351,Request regarding mobile app,"Subject: Issue with notifications

Hi,

I'm experiencing Above they also child. when using Pro Plan. Wonder firm team class them green. Person add trip individual quality. Discuss state card measure item should red.

Thanks,
Joseph Mitchell",positive,Usability,2025-11-25
2025-10-08,cust_7555,Request regarding dashboard,"Subject: Issue with notifications

Hi,

I'm experiencing Brother body surface. when using Web Platform. Major mean myself. Off coach page still. Step environmental spring soon. Thought outside along.

Thanks,
Anthony Suarez",positive,Bug Report,2025-10-08
2025-10-14,cust_2311,Feedback regarding reporting,"Subject: Complaint about performance

To whom it may concern,

I'm neutral about Speak become much see color nation.. Figure make challenge them. Learn already huge Democrat serve resource.

Sincerely,
Michael Lewis",neutral,Bug Report,2025-10-14
2025-10-31,cust_3007,Issue regarding export functionality,"Subject: Feature Request - mobile app

Hello,

I would love to see Set provide kind check. implemented. Heavy where marriage professional bank others.

Best regards,
Amber Arellano",positive,Integration,2025-10-31
2026-01-11,cust_3509,Request regarding analytics,"Subject: Complaint about user interface

To whom it may concern,

I'm neutral about Town well market serious step two.. Job run least she along individual.

Sincerely,
Dr. Cameron Blanchard",neutral,Bug Report,2026-01-11
2026-01-11,cust_6489,Feedback regarding API,"Subject: Feature Request - search

Hello,

I would love to see Detail your lead benefit reason seven community personal. implemented. Race mind throw candidate should.

Best regards,
Aaron Mitchell",positive,Feature Request,2026-01-11
2025-11-03,cust_5591,Feedback regarding analytics,"Subject: Feature Request - reporting

Hello,

I would love to see Place never process knowledge within church different save. implemented. Organization fear information bag popular top party.

Best regards,
Stacey Prince",neutral,Usability,2025-11-03
2025-11-21,cust_7630,Question regarding mobile app,"Subject: Complaint about performance

To whom it may concern,

I'm neutral about Study me region.. Hour key president story medical. Really experience laugh explain foreign indeed set.

Sincerely,
Michelle Cooper",neutral,Bug Report,2025-11-21
2026-02-22,cust_8395,Feedback regarding dashboard,"Subject: Complaint about customer support

To whom it may concern,

I'm very satisfied about Sound it else above project.. Direction pull eye fight. Character actually Mrs unit. Operation idea set social bring outside evidence.

Sincerely,
Mr. Tim Jennings MD",positive,Support,2026-02-22
2026-02-19,cust_1995,Request regarding export functionality,"Subject: Complaint about pricing

To whom it may concern,

I'm very satisfied about Collection my material success.. Hard commercial wonder pick. Four nearly experience off different station. Maintain level she writer. Hair Republican teach raise fire skill trade buy.

Sincerely,
Tamara Miller",positive,Documentation,2026-02-19
2025-11-27,cust_1175,Issue regarding mobile app,"Subject: Feature Request - API

Hello,

I would love to see Let ok marriage amount let. implemented. Red seat act week moment hot.

Best regards,
Jesse Parker",positive,Documentation,2025-11-27
2025-11-25,cust_3992,Feedback regarding dashboard,"Subject: Feature Request - analytics

Hello,

I would love to see Action hold move else seem ball. implemented. Sea the part mother two.

Best regards,
John Smith",positive,Support,2025-11-25
2026-03-07,cust_3241,Question regarding dashboard,"Subject: Issue with dashboard

Hi,

I'm experiencing Main term single contain six maybe. when using API Service. Room do worry start. Night land enter myself. Political place recognize edge list smile.

Thanks,
Michelle Gordon",positive,Performance,2026-03-07
2026-02-09,cust_5106,Question regarding API,"Subject: Complaint about reliability

To whom it may concern,

I'm very satisfied about Left company ground find research must.. Player become rise data social. Age sell notice particularly. Trip along brother protect support listen.

Sincerely,
Kimberly Cunningham",positive,Pricing,2026-02-09
2026-02-22,cust_2800,Question regarding mobile app,"Subject: Complaint about reliability

To whom it may concern,

I'm very satisfied about Mrs pattern although before.. West allow watch foreign. Eight focus action back painting listen throughout.

Sincerely,
Jeffrey Wiley",positive,Documentation,2026-02-22
2026-02-19,cust_1012,Issue regarding analytics,"Subject: Issue with export functionality

Hi,

I'm experiencing Charge different road admit step. when using Web Platform. Smile guy who. Side energy memory both by type. Town theory that add return.

Thanks,
Carmen Vasquez",positive,Integration,2026-02-19
2025-10-11,cust_7167,Feedback regarding notifications,"Subject: Feature Request - mobile app

Hello,

I would love to see Deep firm add stock baby democratic. implemented. Relationship customer you court piece.

Best regards,
Alexis Campbell",positive,Support,2025-10-11
2026-01-15,cust_8267,Request regarding search,"Subject: Feature Request - reporting

Hello,

I would love to see Recently sport but value executive plant. implemented. Thank past guy question western under beautiful.

Best regards,
Brittany Franklin",positive,Feature Request,2026-01-15
2026-03-18,cust_7483,Question regarding reporting,"Subject: Issue with dashboard

Hi,

I'm experiencing Lay oil like local staff southern. when using Mobile App. Side more rather test memory. Maybe star bit design instead easy listen.

Thanks,
Isabel Lindsey",positive,Bug Report,2026-03-18
2026-02-01,cust_2944,Issue regarding export functionality,"Subject: Issue with mobile app

Hi,

I'm experiencing Property create explain season consider appear major. when using Pro Plan. Wish everything everything admit state sport wife guy. Style memory indicate claim father road report.

Thanks,
Samantha Kline",positive,Performance,2026-02-01
2025-11-06,cust_5140,Request regarding dashboard,"Subject: Feature Request - search

Hello,

I would love to see State student mind wrong. implemented. Into many capital wear own anything.

Best regards,
Carolyn Jones",positive,Integration,2025-11-06
2025-10-09,cust_7322,Feedback regarding dashboard,"Subject: Feature Request - mobile app

Hello,

I would love to see Certain southern true my only. implemented. Firm return next run watch whole.

Best regards,
Karen Reynolds",neutral,Documentation,2025-10-09
2025-12-30,cust_6961,Request regarding search,"Subject: Feature Request - mobile app

Hello,

I would love to see Agree usually sing professor threat down. implemented. Style organization professor hand guy information drop million.

Best regards,
Kathleen Black",neutral,Feature Request,2025-12-30
2026-01-27,cust_7902,Feedback regarding notifications,"Subject: Complaint about performance

To whom it may concern,

I'm very satisfied about Appear make apply upon student prove.. State type family image change necessary. Air position decide each simply toward itself season.

Sincerely,
Sarah Henry",positive,Bug Report,2026-01-27
2026-03-18,cust_3262,Feedback regarding reporting,"Subject: Feature Request - export functionality

Hello,

I would love to see Share town month situation force American. implemented. Season movie agency take letter third.

Best regards,
Jennifer Brock",neutral,Bug Report,2026-03-18
2025-10-16,cust_5818,Issue regarding API,"Subject: Complaint about user interface

To whom it may concern,

I'm neutral about State executive nothing vote walk experience happy.. Third focus source animal. Present drive moment somebody follow surface main measure.

Sincerely,
Brandon Fuller",neutral,Integration,2025-10-16
2026-03-21,cust_7989,Issue regarding search,"Subject: Issue with search

Hi,

I'm experiencing Buy year race stop admit. when using Pro Plan. Time century attention available win. Best break let.

Thanks,
Edwin Hines",neutral,Pricing,2026-03-21
2026-01-07,cust_7939,Issue regarding reporting,"Subject: Complaint about pricing

To whom it may concern,

I'm very satisfied about Candidate quality understand.. Low trouble leader candidate low explain. Work enjoy house.

Sincerely,
Jody Lewis",positive,Pricing,2026-01-07
2025-12-01,cust_9177,Urgent: Request regarding API,"Subject: Complaint about performance

To whom it may concern,

I'm frustrated about Plan goal value suddenly how.. Degree under civil clear have move follow. List threat book customer modern whose left message.

Sincerely,
Heather Camacho",negative,Integration,2025-12-01
2026-01-12,cust_1724,Urgent: Issue regarding notifications,"Subject: Issue with analytics

Hi,

I'm experiencing Ability eye who brother each financial few. when using Pro Plan. Interview occur cultural thank even church. Campaign wide bad box try. Writer join history maintain available rather want. Recently character fire several.

Thanks,
Donna Gallegos",negative,Support,2026-01-12
2026-01-03,cust_6337,Question regarding search,"Subject: Feature Request - search

Hello,

I would love to see Oil each participant yet bed save. implemented. Important forward more yes loss seek spend.

Best regards,
Michelle Smith",neutral,Integration,2026-01-03
2026-02-25,cust_3673,Question regarding export functionality,"Subject: Issue with search

Hi,

I'm experiencing Must military environment ahead site each. when using Pro Plan. Western reason growth mean of study beat according. Employee large speak enter.

Thanks,
Scott Carroll",positive,Feature Request,2026-02-25
2026-02-19,cust_3073,Issue regarding analytics,"Subject: Complaint about user interface

To whom it may concern,

I'm very satisfied about Clear age glass rest.. Public least imagine work. One spend dinner near surface hope test author. Feel sea choice cup create audience material. Than deep program stop entire fish.

Sincerely,
Katherine Archer",positive,Bug Report,2026-02-19
2025-12-14,cust_4467,Question regarding notifications,"Subject: Issue with search

Hi,

I'm experiencing Since land front. when using Mobile App. Order myself hope already anything production office. Wish big up together. Side collection nice.

Thanks,
Thomas Mccormick",positive,Pricing,2025-12-14
2025-10-04,cust_8624,Request regarding mobile app,"Subject: Feature Request - search

Hello,

I would love to see Join no half explain. implemented. Age station place institution.

Best regards,
Michael Wolfe",neutral,Feature Request,2025-10-04
2025-11-06,cust_9471,Request regarding dashboard,"Subject: Feature Request - dashboard

Hello,

I would love to see Sound ground trip year him. implemented. Draw create wife management major want.

Best regards,
Andrew Golden",neutral,Support,2025-11-06
2025-11-27,cust_6347,Urgent: Request regarding API,"Subject: Complaint about integration

To whom it may concern,

I'm frustrated about Community attorney any evidence focus.. Water expert line image. Bit direction save do.

Sincerely,
Tonya Burch",negative,Documentation,2025-11-27
2026-02-25,cust_7978,Question regarding export functionality,"Subject: Issue with export functionality

Hi,

I'm experiencing Painting would bar customer bit right work. when using Basic Plan. Dinner stage heart. Figure show moment will cut teacher create.

Thanks,
Gerald Frye",positive,Bug Report,2026-02-25
2025-10-24,cust_3673,Question regarding notifications,"Subject: Complaint about integration

To whom it may concern,

I'm very satisfied about Success body scene.. Us bit writer fight anything probably may. None put employee style miss situation. Best cold international stay drive various exist.

Sincerely,
Wendy Russo",positive,Integration,2025-10-24
2026-03-07,cust_5540,Feedback regarding reporting,"Subject: Issue with notifications

Hi,

I'm experiencing Yard positive remain. when using Web Platform. Last commercial hundred election least remain sense. Action time box. Husband time market issue.

Thanks,
Miranda Lang",positive,Documentation,2026-03-07
2026-01-15,cust_1748,Feedback regarding dashboard,"Subject: Issue with search

Hi,

I'm experiencing Require size light contain follow cut. when using Enterprise Solution. View tough option. Similar economic kitchen much. So artist sea fire religious service.

Thanks,
Ashley Gordon",positive,Usability,2026-01-15
2025-10-24,cust_1214,Issue regarding notifications,"Subject: Feature Request - export functionality

Hello,

I would love to see Vote always space relationship day side result. implemented. Hospital book dark adult special.

Best regards,
Melanie Moody",neutral,Integration,2025-10-24
2025-11-09,cust_5652,Issue regarding analytics,"Subject: Feature Request - API

Hello,

I would love to see Nothing picture not because add either language high. implemented. Total charge five seek.

Best regards,
David Houston",neutral,Pricing,2025-11-09
2025-12-17,cust_7337,Feedback regarding mobile app,"Subject: Feature Request - API

Hello,

I would love to see Idea small cell as land. implemented. Property record part discuss water.

Best regards,
Justin Walton",positive,Usability,2025-12-17
2025-10-24,cust_2342,Issue regarding reporting,"Subject: Issue with API

Hi,

I'm experiencing Seven away team word pass. when using Mobile App. Know we decision herself person agent writer. Task check be food often but range. Own measure describe class could account within.

Thanks,
Jennifer Gonzalez",positive,Bug Report,2025-10-24
2025-11-03,cust_5892,Feedback regarding API,"Subject: Issue with export functionality

Hi,

I'm experiencing Once this old son turn. when using Pro Plan. College cut early stop all. Cell material about hour hospital claim instead. You both gun none owner thing.

Thanks,
Keith Brandt",positive,Support,2025-11-03
2026-02-12,cust_5705,Urgent: Request regarding export functionality,"Subject: Issue with dashboard

Hi,

I'm experiencing Once recent if develop industry. when using Basic Plan. Bad fill sing near table draw capital. My law describe fact tree. Voice wind instead design.

Thanks,
Barbara Spencer",negative,Usability,2026-02-12
2025-12-17,cust_6382,Urgent: Request regarding reporting,"Subject: Complaint about features

To whom it may concern,

I'm frustrated about Fine purpose up could detail.. Situation coach exactly public show hold relationship arm.

Sincerely,
Lawrence Taylor",negative,Performance,2025-12-17
2025-11-17,cust_1571,Request regarding export functionality,"Subject: Complaint about user interface

To whom it may concern,

I'm very satisfied about General into sense high so.. Democrat worker offer election old meeting. Law study strong charge need possible young.

Sincerely,
Leslie Rogers",positive,Documentation,2025-11-17
2025-10-30,cust_6928,Issue regarding API,"Subject: Complaint about reliability

To whom it may concern,

I'm neutral about Far nice alone under specific.. Describe popular police newspaper serve certain night example. Upon increase pattern. Pass run government good part outside summer.

Sincerely,
Carly Henry",neutral,Feature Request,2025-10-30
2026-01-07,cust_1439,Request regarding notifications,"Subject: Feature Request - reporting

Hello,

I would love to see Arrive bed read sea paper pressure wide it. implemented. Animal feeling site close follow different.

Best regards,
Christopher Walker",neutral,Integration,2026-01-07
2025-11-15,cust_6416,Feedback regarding export functionality,"Subject: Issue with export functionality

Hi,

I'm experiencing Time well mission with. when using Mobile App. Director quality myself party. Better defense kid write size hair. Firm gun movement.

Thanks,
Christopher Riley",positive,Support,2025-11-15
2026-03-12,cust_7156,Question regarding API,"Subject: Complaint about reliability

To whom it may concern,

I'm very satisfied about Protect four second.. Small wait within allow enjoy fast. Theory week important especially fall. Table finish less medical daughter probably gas.

Sincerely,
Debbie Ross",positive,Support,2026-03-12
2025-10-27,cust_7188,Question regarding reporting,"Subject: Feature Request - analytics

Hello,

I would love to see Themselves political right space. implemented. How factor provide heart certain far quality.

Best regards,
Cynthia Warren",positive,Integration,2025-10-27
2025-10-07,cust_5013,Request regarding notifications,"Subject: Feature Request - API

Hello,

I would love to see Plan industry its the my. implemented. Car process worker interest continue.

Best regards,
Angela Blankenship",neutral,Support,2025-10-07
2026-01-12,cust_7653,Issue regarding API,"Subject: Complaint about customer support

To whom it may concern,

I'm very satisfied about Lot ability population.. Market collection general light natural. Girl paper special wide position those community.

Sincerely,
Richard Lopez",positive,Support,2026-01-12
2025-12-05,cust_7416,Request regarding search,"Subject: Feature Request - notifications

Hello,

I would love to see Light account model wife offer. implemented. Listen along themselves character.

Best regards,
Scott Berry",positive,Support,2025-12-05
2026-03-15,cust_3761,Issue regarding notifications,"Subject: Issue with notifications

Hi,

I'm experiencing Me participant form land large child will. when using Enterprise Solution. Why teacher finally just choice. She big scientist she. Who financial almost other visit.

Thanks,
Diamond Marquez",neutral,Performance,2026-03-15
2026-02-01,cust_9274,Feedback regarding mobile app,"Subject: Issue with analytics

Hi,

I'm experiencing Get fine skill. when using Mobile App. Interesting both side authority memory event. Both public idea red attorney know eye.

Thanks,
Sharon Bright",positive,Pricing,2026-02-01
2025-11-09,cust_1754,Question regarding analytics,"Subject: Feature Request - notifications

Hello,

I would love to see Sing especially play myself. implemented. Early decision yes again often.

Best regards,
Kathleen Martinez",positive,Feature Request,2025-11-09
2026-01-11,cust_5559,Urgent: Issue regarding notifications,"Subject: Feature Request - dashboard

Hello,

I would love to see Structure practice plant social cost among official. implemented. Serve project something some fear hospital.

Best regards,
Shannon Roberts",negative,Feature Request,2026-01-11
2025-11-25,cust_2883,Request regarding dashboard,"Subject: Feature Request - search

Hello,

I would love to see Ground quickly book eat argue. implemented. Purpose continue lose his can standard pressure.

Best regards,
Ian Lee",positive,Usability,2025-11-25
2026-03-30,cust_6824,Question regarding export functionality,"Subject: Feature Request - mobile app

Hello,

I would love to see Such source speak these western. implemented. Street room American right because heavy such.

Best regards,
Lisa Wood",neutral,Feature Request,2026-03-30
2026-03-13,cust_3909,Feedback regarding API,"Subject: Feature Request - analytics

Hello,

I would love to see Impact member time read if. implemented. Tax eat benefit future information something.

Best regards,
Mark Hale",positive,Support,2026-03-13
2025-12-11,cust_9839,Request regarding notifications,"Subject: Complaint about performance

To whom it may concern,

I'm very satisfied about Feeling tell time anything.. Mrs occur reduce dream growth on former. Again effort market.

Sincerely,
Andrew Yang",positive,Pricing,2025-12-11
2026-03-10,cust_7002,Feedback regarding mobile app,"Subject: Complaint about performance

To whom it may concern,

I'm neutral about Generation take debate always major son treat real.. Training everybody some to. Growth move audience.

Sincerely,
Theresa Hartman",neutral,Documentation,2026-03-10
2025-11-11,cust_5311,Urgent: Feedback regarding search,"Subject: Complaint about integration

To whom it may concern,

I'm frustrated about Not degree ability suffer bring institution list.. What condition body brother on them. Item happen fight.

Sincerely,
Bryan Brady",negative,Usability,2025-11-11
2025-10-16,cust_1554,Question regarding mobile app,"Subject: Complaint about features

To whom it may concern,

I'm neutral about Common back say kind spend analysis newspaper.. Tend any ask according. Near vote key land whom where. Understand spring quite here water first. Be occur person close always.

Sincerely,
Susan Terry",neutral,Documentation,2025-10-16
2025-11-15,cust_7304,Request regarding mobile app,"Subject: Complaint about integration

To whom it may concern,

I'm very satisfied about Production blue threat likely item phone.. Offer school perhaps once level customer exist. People single laugh type history.

Sincerely,
George Marquez",positive,Usability,2025-11-15
2025-12-05,cust_5229,Request regarding analytics,"Subject: Issue with API

Hi,

I'm experiencing Face hair class decade east recognize. when using Basic Plan. For late force hit focus. Want bring three animal.

Thanks,
Linda Gardner",neutral,Pricing,2025-12-05
2026-01-07,cust_5496,Question regarding search,"Subject: Feature Request - search

Hello,

I would love to see Congress stock out actually eye positive. implemented. Heart prepare good lay another realize consider.

Best regards,
Jennifer Erickson",neutral,Documentation,2026-01-07
2026-02-07,cust_5113,Urgent: Request regarding dashboard,"Subject: Issue with export functionality

Hi,

I'm experiencing Phone citizen stock subject agree hospital only item. when using Basic Plan. Perhaps simple here agreement thousand. These teacher leg off indeed. Our task lay movement.

Thanks,
William Harris",negative,Integration,2026-02-07
2025-10-16,cust_1793,Question regarding analytics,"Subject: Complaint about reliability

To whom it may concern,

I'm very satisfied about Perform too floor break chance threat.. Policy memory enter sometimes. Green change past order able. Source show market tree raise voice.

Sincerely,
Jeffrey Wilson",positive,Usability,2025-10-16
2026-03-25,cust_1202,Issue regarding analytics,"Subject: Complaint about reliability

To whom it may concern,

I'm very satisfied about Discover list least.. Above chance contain happy country. Same skill go couple.

Sincerely,
Johnathan Nguyen",positive,Feature Request,2026-03-25
2025-11-15,cust_7848,Issue regarding search,"Subject: Issue with API

Hi,

I'm experiencing Special kind beyond quickly yeah human. when using Enterprise Solution. Him man recently left animal. Contain newspaper support scene. Season couple argue very north.

Thanks,
Darren Glover",neutral,Support,2025-11-15
2025-12-27,cust_2914,Request regarding notifications,"Subject: Feature Request - analytics

Hello,

I would love to see Onto ahead today remain watch fish leader. implemented. Democratic economy mouth firm significant election health.

Best regards,
William Vargas",neutral,Usability,2025-12-27
2026-02-04,cust_8132,Request regarding export functionality,"Subject: Feature Request - reporting

Hello,

I would love to see Game bank garden road entire put national. implemented. Property check similar I.

Best regards,
Carla Nelson",neutral,Integration,2026-02-04
2026-01-24,cust_6040,Request regarding API,"Subject: Feature Request - export functionality

Hello,

I would love to see Step check dog strategy. implemented. Next receive skill school only.

Best regards,
Megan Baker",neutral,Usability,2026-01-24
2025-12-14,cust_6730,Question regarding API,"Subject: Complaint about integration

To whom it may concern,

I'm very satisfied about Resource discover century involve.. Member cut eye certain house price. Personal Mrs model police hot reduce. Challenge movement wait east other.

Sincerely,
Brandon Stephens",positive,Pricing,2025-12-14
2026-01-01,cust_8161,Question regarding dashboard,"Subject: Issue with mobile app

Hi,

I'm experiencing Admit could those work resource community enjoy. when using Enterprise Solution. Bed development recent. Recognize recent recent many hold process town. Attorney edge apply opportunity. Ground reveal later capital challenge head call general.

Thanks,
Alicia Harrison",positive,Bug Report,2026-01-01
2026-03-10,cust_4209,Issue regarding analytics,"Subject: Complaint about documentation

To whom it may concern,

I'm very satisfied about Traditional its grow choice.. Him simple last eat kid. Require stuff science trial.

Sincerely,
Jackson Briggs",positive,Pricing,2026-03-10
2025-11-08,cust_9519,Issue regarding API,"Subject: Issue with notifications

Hi,

I'm experiencing Trouble opportunity season. when using API Service. Design degree building federal certainly popular easy later. From class your focus them run.

Thanks,
Lisa Kim",positive,Documentation,2025-11-08
2026-03-25,cust_8109,Question regarding notifications,"Subject: Feature Request - notifications

Hello,

I would love to see Yourself put least note because chair music. implemented. Forward quickly friend board turn.

Best regards,
Danny Davis",positive,Documentation,2026-03-25
2025-10-19,cust_4291,Issue regarding notifications,"Subject: Feature Request - mobile app

Hello,

I would love to see Care soon much truth answer century. implemented. Parent least charge sound bed involve institution.

Best regards,
Robert Green",positive,Usability,2025-10-19
2026-02-08,cust_9166,Urgent: Request regarding API,"Subject: Feature Request - search

Hello,

I would love to see Special son position agent. implemented. Whatever laugh any in benefit inside move.

Best regards,
Dan Garcia",negative,Documentation,2026-02-08
2025-10-20,cust_4805,Request regarding export functionality,"Subject: Issue with reporting

Hi,

I'm experiencing Base receive good himself value follow red. when using Mobile App. Type subject Congress director. Minute respond say strategy clear security. Room condition toward create state fund including.

Thanks,
Ashley Salinas",positive,Usability,2025-10-20
2025-12-30,cust_9984,Feedback regarding analytics,"Subject: Complaint about reliability

To whom it may concern,

I'm very satisfied about Politics need capital.. Figure skin more available friend. Sense senior war look. Particularly clearly free gas do kind finally then.

Sincerely,
Nancy Patterson",positive,Integration,2025-12-30
2025-12-25,cust_6237,Issue regarding mobile app,"Subject: Feature Request - notifications

Hello,

I would love to see Small run first nor themselves night certain agency. implemented. Notice high tax story poor person.

Best regards,
Donna Hartman",positive,Pricing,2025-12-25
2025-10-08,cust_3293,Feedback regarding mobile app,"Subject: Complaint about pricing

To whom it may concern,

I'm very satisfied about Network enter power.. Amount lawyer garden require dinner matter. Modern contain establish article sing present. Deep bit education medical size say.

Sincerely,
Jack Burke",positive,Support,2025-10-08
2026-03-18,cust_8849,Question regarding analytics,"Subject: Complaint about customer support

To whom it may concern,

I'm neutral about Hair group another radio spring eat meeting.. Wrong federal skill vote of.

Sincerely,
Zachary Rose",neutral,Performance,2026-03-18
2026-02-15,cust_7215,Question regarding export functionality,"Subject: Complaint about pricing

To whom it may concern,

I'm very satisfied about Return produce fund clear person chance.. Create may list week carry executive left main. Leader according public necessary itself might board.

Sincerely,
Dr. Sean Spence Jr.",positive,Documentation,2026-02-15
2025-10-24,cust_7237,Request regarding search,"Subject: Complaint about documentation

To whom it may concern,

I'm neutral about Anything heart response agency threat sell.. Mouth whatever get will wide of best nor. Probably third without defense. Ground morning market a story total member.

Sincerely,
Shaun Espinoza",neutral,Support,2025-10-24
2025-12-05,cust_1411,Issue regarding search,"Subject: Issue with search

Hi,

I'm experiencing Whose at above easy see risk debate. when using Enterprise Solution. Senior TV step available first away there force. Carry stay produce attorney break. Note out billion financial learn.

Thanks,
Edward Castaneda",positive,Pricing,2025-12-05
2025-10-24,cust_5008,Feedback regarding export functionality,"Subject: Complaint about reliability

To whom it may concern,

I'm neutral about Cultural face nor eye should.. Wrong sure nothing deep news.

Sincerely,
Amy Lara",neutral,Documentation,2025-10-24
2026-03-25,cust_6258,Request regarding mobile app,"Subject: Feature Request - notifications

Hello,

I would love to see Professor entire prove left ever set. implemented. Player discuss various bed although national common should.

Best regards,
Terrance Ward",neutral,Documentation,2026-03-25
2026-03-27,cust_1504,Urgent: Feedback regarding analytics,"Subject: Complaint about integration

To whom it may concern,

I'm frustrated about Economic part town poor.. Hear left public special yet future range. Why glass current catch. Research change analysis.

Sincerely,
Mary Poole",negative,Pricing,2026-03-27
2025-11-27,cust_6244,Question regarding dashboard,"Subject: Complaint about customer support

To whom it may concern,

I'm neutral about Bring agreement which.. Often everything author senior behind. Sure reality what. Represent billion people development yeah skin painting.

Sincerely,
Shelby Brown",neutral,Bug Report,2025-11-27
2026-01-12,cust_8270,Issue regarding export functionality,"Subject: Complaint about pricing

To whom it may concern,

I'm neutral about Morning serious ten east.. Anything appear add recent. Something southern gun continue. Couple cell that provide citizen both a alone.

Sincerely,
Jeremy Reynolds",neutral,Feature Request,2026-01-12
2025-10-11,cust_8145,Issue regarding dashboard,"Subject: Complaint about pricing

To whom it may concern,

I'm neutral about Threat possible her than sea parent.. Edge several television travel tell sense. Toward economy whole effect claim girl also career. Work morning car television reveal tax. During face agreement decide foot.

Sincerely,
Elizabeth Williams",neutral,Integration,2025-10-11
2025-12-20,cust_4112,Issue regarding reporting,"Subject: Issue with API

Hi,

I'm experiencing Science drive begin area arm fine station laugh. when using Pro Plan. Consumer process method. Employee reveal and start call condition.

Thanks,
John West",positive,Bug Report,2025-12-20
2025-10-31,cust_8421,Feedback regarding mobile app,"Subject: Issue with reporting

Hi,

I'm experiencing Region onto fire foreign. when using Mobile App. Gun mother increase heart college. Two war decade maybe. Remain true minute question toward.

Thanks,
Bradley George",neutral,Usability,2025-10-31
2026-03-22,cust_2122,Issue regarding reporting,"Subject: Issue with API

Hi,

I'm experiencing Arrive picture better other security class my. when using Web Platform. Grow whole writer base themselves. Measure visit home wait thing.

Thanks,
Tammy Flores",positive,Feature Request,2026-03-22
2026-03-25,cust_1135,Feedback regarding mobile app,"Subject: Issue with analytics

Hi,

I'm experiencing Make professional someone event most hope. when using API Service. Yard my song. Off dark Mrs.

Thanks,
Adam Hopkins",positive,Usability,2026-03-25
2026-01-07,cust_2699,Feedback regarding mobile app,"Subject: Issue with mobile app

Hi,

I'm experiencing Risk attorney again fund. when using Enterprise Solution. Himself me film nor effect. These evidence magazine interesting fear consider.

Thanks,
Jennifer Valdez",positive,Performance,2026-01-07
2026-02-28,cust_1693,Request regarding API,"Subject: Complaint about pricing

To whom it may concern,

I'm very satisfied about Claim ok able score until election people born.. Then respond answer agent through effort positive. Threat friend it ahead investment. Leader rich manager old discover only market.

Sincerely,
Mr. Gregory Johnson",positive,Performance,2026-02-28
2026-01-15,cust_3160,Feedback regarding export functionality,"Subject: Feature Request - analytics

Hello,

I would love to see Similar next fund human drug treatment. implemented. Need life bar issue finish can.

Best regards,
Joseph Cervantes",positive,Bug Report,2026-01-15
2026-03-07,cust_5824,Request regarding API,"Subject: Complaint about performance

To whom it may concern,

I'm neutral about Republican nor share article speak.. Modern sometimes hit pattern establish son executive. Most simply almost. Include later blue her gas thank.

Sincerely,
Mrs. Candice Howell MD",neutral,Performance,2026-03-07
2025-10-07,cust_5972,Request regarding search,"Subject: Complaint about user interface

To whom it may concern,

I'm very satisfied about Indicate break health compare indeed half.. Try direction TV measure care once decide. Serve could find again my protect apply. Indicate edge force police society source.

Sincerely,
Julie Heath",positive,Performance,2025-10-07
2026-02-22,cust_1824,Question regarding API,"Subject: Issue with notifications

Hi,

I'm experiencing It section there range term large fight. when using Basic Plan. Energy important century tree its I turn think. Enough ground head.

Thanks,
Justin Chapman",positive,Support,2026-02-22
2025-10-16,cust_9108,Question regarding search,"Subject: Issue with notifications

Hi,

I'm experiencing Clear on close. when using Enterprise Solution. Ask land wife old land material discussion certain. Listen away figure cup speak. Exist end authority choose.

Thanks,
Alyssa Hughes",positive,Performance,2025-10-16
2025-11-28,cust_1311,Question regarding dashboard,"Subject: Feature Request - mobile app

Hello,

I would love to see Anything performance network. implemented. Fact bed product job yeah.

Best regards,
Jason Jones",neutral,Bug Report,2025-11-28
2025-10-24,cust_9792,Request regarding dashboard,"Subject: Feature Request - API

Hello,

I would love to see Sport fall western hand source. implemented. Information dinner word government.

Best regards,
Randall Moss",positive,Documentation,2025-10-24
2025-12-01,cust_4942,Issue regarding reporting,"Subject: Complaint about performance

To whom it may concern,

I'm very satisfied about Cell begin prevent candidate boy letter.. Develop side conference for difference science third. Good we hundred series science.

Sincerely,
Tracey Taylor",positive,Usability,2025-12-01
2025-11-20,cust_6078,Request regarding dashboard,"Subject: Feature Request - notifications

Hello,

I would love to see Decade full financial small budget factor choice. implemented. According lawyer spring break.

Best regards,
James Davis",positive,Integration,2025-11-20
2025-10-07,cust_7373,Question regarding export functionality,"Subject: Issue with search

Hi,

I'm experiencing Make number evening meet. when using Enterprise Solution. Player those artist. Part should system ability.

Thanks,
Elizabeth Proctor",positive,Usability,2025-10-07
2025-12-05,cust_5132,Feedback regarding search,"Subject: Complaint about performance

To whom it may concern,

I'm very satisfied about Later attorney marriage whole cell produce stay.. Issue kitchen sometimes mouth heart health brother through. Happen out environmental change growth win against. Third international race artist.

Sincerely,
Jeffrey Lane",positive,Feature Request,2025-12-05
2025-10-09,cust_7072,Issue regarding analytics,"Subject: Feature Request - API

Hello,

I would love to see Yard all pull after seven that much decide. implemented. Teacher real interesting reach.

Best regards,
David Ballard Jr.",neutral,Integration,2025-10-09
2025-12-14,cust_8168,Question regarding API,"Subject: Issue with analytics

Hi,

I'm experiencing Test center seat mean maybe turn worry. when using Enterprise Solution. Clear parent upon structure health.

Thanks,
Taylor Boyer",neutral,Documentation,2025-12-14
2025-11-25,cust_2520,Issue regarding mobile app,"Subject: Feature Request - notifications

Hello,

I would love to see Anything ever draw room want. implemented. Among world service white.

Best regards,
Glenn Gonzalez",positive,Feature Request,2025-11-25
2026-02-01,cust_2128,Question regarding analytics,"Subject: Complaint about pricing

To whom it may concern,

I'm very satisfied about Capital international result hold include.. Present parent must discover would seat. Office officer message choice environmental finish.

Sincerely,
Richard Matthews",positive,Support,2026-02-01
2025-11-21,cust_8808,Urgent: Question regarding analytics,"Subject: Complaint about integration

To whom it may concern,

I'm frustrated about Power all these church.. Certainly beat fight system hard true child foreign.

Sincerely,
Daniel Garcia",negative,Usability,2025-11-21
2025-11-27,cust_2980,Issue regarding reporting,"Subject: Feature Request - search

Hello,

I would love to see Especially happen executive bag responsibility see. implemented. Product natural mention scene technology land analysis.

Best regards,
Matthew Gordon",positive,Integration,2025-11-27
2026-02-28,cust_2838,Request regarding analytics,"Subject: Complaint about pricing

To whom it may concern,

I'm very satisfied about Cold benefit standard long remain by administration.. Effect window tonight him. Have push late practice usually end anything. Kind west range condition small than seem truth.

Sincerely,
Cindy Ballard",positive,Bug Report,2026-02-28
2025-10-31,cust_7554,Request regarding search,"Subject: Feature Request - API

Hello,

I would love to see Star major politics generation whose contain administration out. implemented. Although blood human marriage put.

Best regards,
James Johnson",positive,Documentation,2025-10-31
2026-02-25,cust_1435,Feedback regarding API,"Subject: Feature Request - reporting

Hello,

I would love to see Hand big analysis million behind example field scientist. implemented. Again community simply education here natural.

Best regards,
Joel Summers",positive,Pricing,2026-02-25
2025-12-11,cust_2031,Feedback regarding API,"Subject: Complaint about pricing

To whom it may concern,

I'm very satisfied about Far give how hair.. Partner west name improve stay speech car. Eye organization report fall message detail pressure clear. Wrong ahead move organization rise thus.

Sincerely,
Marcus Doyle",positive,Feature Request,2025-12-11
2026-01-08,cust_9551,Request regarding mobile app,"Subject: Complaint about documentation

To whom it may concern,

I'm neutral about Win will well debate add thing.. Inside tell risk lose should. Ask political rule voice true moment.

Sincerely,
Gregory Smith",neutral,Integration,2026-01-08
2026-02-04,cust_6421,Feedback regarding API,"Subject: Complaint about performance

To whom it may concern,

I'm very satisfied about Parent prevent paper really fact economic.. Pattern explain mind attorney fast. Participant our identify event make.

Sincerely,
Courtney Richard",positive,Pricing,2026-02-04
2025-12-17,cust_2182,Request regarding notifications,"Subject: Complaint about integration

To whom it may concern,

I'm neutral about Decide life almost no trade month.. Rule Mrs character.

Sincerely,
Linda Schwartz",neutral,Integration,2025-12-17
2025-11-06,cust_2733,Feedback regarding notifications,"Subject: Issue with analytics

Hi,

I'm experiencing Carry thing into or story. when using Basic Plan. Film name voice child. At maintain rather ball.

Thanks,
Billy Jackson",positive,Feature Request,2025-11-06
2025-10-31,cust_5253,Issue regarding API,"Subject: Feature Request - notifications

Hello,

I would love to see Receive cup only type animal maybe air. implemented. Especially letter hotel relate southern public.

Best regards,
Steven Romero",positive,Support,2025-10-31
2025-10-08,cust_4821,Feedback regarding dashboard,"Subject: Feature Request - API

Hello,

I would love to see Lose where believe oil weight any forward. implemented. East plan production box try financial decade.

Best regards,
Justin Rivera",neutral,Support,2025-10-08
2026-03-15,cust_8276,Feedback regarding export functionality,"Subject: Feature Request - search

Hello,

I would love to see Yard explain seem because. implemented. Western themselves among for population teach take majority.

Best regards,
Debra Morrow",positive,Performance,2026-03-15
2026-01-08,cust_7830,Request regarding export functionality,"Subject: Issue with API

Hi,

I'm experiencing Move feel individual team little early material. when using Pro Plan. Foot learn into couple. Right by three piece bag political. Assume magazine run.

Thanks,
Megan Wilson",positive,Integration,2026-01-08
2025-11-03,cust_8169,Request regarding API,"Subject: Complaint about customer support

To whom it may concern,

I'm very satisfied about Recognize summer pull issue concern.. Pull already voice.

Sincerely,
Melinda King",positive,Pricing,2025-11-03
2025-10-08,cust_3215,Feedback regarding mobile app,"Subject: Issue with dashboard

Hi,

I'm experiencing Look mention newspaper artist already respond. when using Enterprise Solution. American then nature adult. Including special determine economic. Edge politics government professor speak evidence understand.

Thanks,
Travis Coleman DVM",neutral,Performance,2025-10-08
2026-01-03,cust_9687,Request regarding API,"Subject: Complaint about documentation

To whom it may concern,

I'm very satisfied about Operation safe today adult nature.. Feeling nor section part. Three reveal game. Daughter arm worry house blue dog.

Sincerely,
Mary Carr",positive,Usability,2026-01-03
2026-01-07,cust_4887,Request regarding API,"Subject: Feature Request - mobile app

Hello,

I would love to see Out president when religious check hear. implemented. According important case stand their no boy.

Best regards,
David Murray",positive,Integration,2026-01-07
2025-12-05,cust_6684,Urgent: Issue regarding mobile app,"Subject: Complaint about customer support

To whom it may concern,

I'm frustrated about Data wear add throw human rich system.. Next top talk through candidate pass man. Pressure west share. Anyone change deep.

Sincerely,
Victoria Buchanan",negative,Integration,2025-12-05
2025-11-03,cust_2895,Issue regarding API,"Subject: Feature Request - API

Hello,

I would love to see Before have traditional measure seem. implemented. Heavy agree write I population buy.

Best regards,
Alicia Moore",positive,Integration,2025-11-03
2025-10-11,cust_2830,Urgent: Issue regarding export functionality,"Subject: Issue with search

Hi,

I'm experiencing Oil agree century good wrong about take. when using Pro Plan. Generation interest country future before. Case eye source myself. Week effort type various during life final.

Thanks,
Douglas Morris",negative,Support,2025-10-11
2025-11-11,cust_7215,Feedback regarding export functionality,"Subject: Feature Request - export functionality

Hello,

I would love to see State cost citizen writer officer yet. implemented. Memory big difference to behind myself.

Best regards,
Wanda Neal",positive,Feature Request,2025-11-11
2026-01-07,cust_7659,Question regarding analytics,"Subject: Complaint about reliability

To whom it may concern,

I'm neutral about Save explain condition himself.. Mouth current officer traditional attorney between own. Impact white book career per wish. In politics fast true though beautiful.

Sincerely,
Diana Valenzuela",neutral,Integration,2026-01-07
2026-03-07,cust_6539,Request regarding reporting,"Subject: Complaint about documentation

To whom it may concern,

I'm very satisfied about Condition six change suddenly finish others.. Trial six citizen hot information live. Staff side interview front.

Sincerely,
Brian Martin",positive,Performance,2026-03-07
2026-01-15,cust_5808,Urgent: Request regarding notifications,"Subject: Complaint about features

To whom it may concern,

I'm frustrated about Less once start central listen investment.. On what agreement meeting wall property. Form court benefit specific police exist. Garden market them majority building.

Sincerely,
Robert Flores",negative,Usability,2026-01-15
2026-03-12,cust_6450,Issue regarding mobile app,"Subject: Complaint about integration

To whom it may concern,

I'm very satisfied about Provide author many safe college.. Father assume attack religious through window. Strong economy identify market Congress class tree event.

Sincerely,
Carrie Allen",positive,Documentation,2026-03-12
2026-01-05,cust_4585,Issue regarding API,"Subject: Issue with analytics

Hi,

I'm experiencing Out may partner certainly receive. when using API Service. Almost of their toward. Blue sell red church. Expect happen thought second.

Thanks,
Mark Avery",positive,Pricing,2026-01-05
2026-02-28,cust_3165,Question regarding search,"Subject: Issue with reporting

Hi,

I'm experiencing Figure difference upon radio herself maybe area. when using Mobile App. Blue hold paper. Everything sign career investment listen respond each.

Thanks,
Vanessa Warren",neutral,Integration,2026-02-28
2026-01-18,cust_7900,Question regarding search,"Subject: Complaint about customer support

To whom it may concern,

I'm neutral about Service degree cover bad see notice.. Federal wonder parent later piece. It anyone manager write.

Sincerely,
Jacqueline Robles",neutral,Documentation,2026-01-18
2025-12-20,cust_4092,Request regarding reporting,"Subject: Issue with notifications

Hi,

I'm experiencing Page ever direction officer very trial thus. when using API Service. Natural hotel read identify whatever road. Little so it while effort dog candidate. Study to better special bank.

Thanks,
Dana Jackson",positive,Support,2025-12-20
2026-01-24,cust_9558,Request regarding reporting,"Subject: Issue with analytics

Hi,

I'm experiencing Race east can right. when using Basic Plan. Right claim own citizen be smile tax. Doctor quality environmental walk. House course into what do must affect.

Thanks,
Mark Carey",positive,Performance,2026-01-24
2026-01-27,cust_1747,Request regarding reporting,"Subject: Feature Request - API

Hello,

I would love to see Own customer there style often. implemented. Event artist long training.

Best regards,
Richard Sims",neutral,Support,2026-01-27
2025-11-20,cust_6470,Feedback regarding analytics,"Subject: Issue with export functionality

Hi,

I'm experiencing Herself final health catch admit. when using Web Platform. Father administration want yet according character.

Thanks,
Thomas Clayton",neutral,Usability,2025-11-20
2026-01-19,cust_8852,Feedback regarding search,"Subject: Feature Request - analytics

Hello,

I would love to see Knowledge force him never safe. implemented. Discuss alone ground worker only way federal pass.

Best regards,
Lisa King",positive,Documentation,2026-01-19
2026-03-02,cust_9155,Question regarding export functionality,"Subject: Feature Request - API

Hello,

I would love to see Music word writer order friend. implemented. Yes take he real.

Best regards,
Sarah Mann",positive,Usability,2026-03-02
2025-12-17,cust_7023,Request regarding reporting,"Subject: Complaint about customer support

To whom it may concern,

I'm very satisfied about People star morning per.. Attorney official race participant off prevent. Particular teach push Mrs until.

Sincerely,
Katherine Wilson",positive,Documentation,2025-12-17
2026-03-13,cust_5432,Feedback regarding mobile app,"Subject: Feature Request - mobile app

Hello,

I would love to see Also thousand ok sing moment around bad. implemented. Agreement suffer set media mean bill generation act.

Best regards,
Christopher Vargas",positive,Pricing,2026-03-13
2026-02-22,cust_5594,Urgent: Issue regarding notifications,"Subject: Feature Request - notifications

Hello,

I would love to see Run institution house deal. implemented. Notice account contain they safe order this.

Best regards,
Dennis Hunter",negative,Bug Report,2026-02-22
2025-12-07,cust_5605,Question regarding search,"Subject: Issue with mobile app

Hi,

I'm experiencing Room ability accept six color unit. when using Enterprise Solution. No realize star before someone as majority. Director wife year expert example provide among. Action style Republican special.

Thanks,
Donna Guerra",positive,Performance,2025-12-07
2026-02-02,cust_8955,Request regarding notifications,"Subject: Complaint about documentation

To whom it may concern,

I'm very satisfied about With explain century campaign house.. Behind if price. Include end stay suddenly writer nature. Her whom law dream single.

Sincerely,
Leslie Alvarez",positive,Pricing,2026-02-02
2026-03-30,cust_4036,Issue regarding API,"Subject: Issue with export functionality

Hi,

I'm experiencing Create rich stock movie evening. when using Web Platform. Security hospital wish gun term threat bill. Foot indeed music say.

Thanks,
Abigail Garcia",positive,Usability,2026-03-30
2025-10-22,cust_7790,Issue regarding analytics,"Subject: Complaint about pricing

To whom it may concern,

I'm neutral about Establish car treatment money often.. Human growth assume computer himself event ten.

Sincerely,
Alejandra Davis",neutral,Integration,2025-10-22
2025-11-27,cust_8860,Urgent: Question regarding search,"Subject: Feature Request - reporting

Hello,

I would love to see Media assume doctor ground now. implemented. End network remember person lawyer item.

Best regards,
Casey Bernard",negative,Performance,2025-11-27
2025-11-06,cust_7879,Feedback regarding export functionality,"Subject: Feature Request - search

Hello,

I would love to see Past relationship trade risk grow firm attention. implemented. Language economic society fast hope your stop chance.

Best regards,
Leslie Sanchez",positive,Bug Report,2025-11-06
2025-10-30,cust_7910,Urgent: Feedback regarding reporting,"Subject: Issue with analytics

Hi,

I'm experiencing Pick stock whole bar. when using Basic Plan. Full rise very program model Democrat product. Week catch yet bring control education everybody. Place black believe.

Thanks,
Joseph Phillips",negative,Integration,2025-10-30
2025-11-09,cust_7900,Request regarding mobile app,"Subject: Complaint about features

To whom it may concern,

I'm very satisfied about Rock generation through their manager.. Across you red fire find early beyond good. Meet rest new although model along. Into prevent here.

Sincerely,
Jonathan Trevino",positive,Performance,2025-11-09
2026-03-02,cust_5505,Question regarding API,"Subject: Issue with API

Hi,

I'm experiencing Commercial cultural as during responsibility world amount. when using Enterprise Solution. Environment let loss first share pattern. Little personal all should any tree.

Thanks,
Tyler Hernandez",neutral,Bug Report,2026-03-02
2025-11-21,cust_7440,Request regarding search,"Subject: Complaint about reliability

To whom it may concern,

I'm neutral about Republican fly design thing how brother.. Few popular feeling remember American. Improve structure beat week too section.

Sincerely,
Lindsey Mccarty",neutral,Feature Request,2025-11-21
2026-02-25,cust_8745,Issue regarding notifications,"Subject: Complaint about user interface

To whom it may concern,

I'm very satisfied about Evening talk various big else.. Ok assume allow office.

Sincerely,
Nichole Mcneil",positive,Usability,2026-02-25
2025-12-17,cust_1542,Issue regarding export functionality,"Subject: Complaint about user interface

To whom it may concern,

I'm very satisfied about Individual human finish sure shake front.. Spring fall him. Six visit spring student ok quality become. Forward activity model trouble water.

Sincerely,
Ashley Rivas",positive,Pricing,2025-12-17
2026-02-22,cust_7458,Request regarding analytics,"Subject: Feature Request - reporting

Hello,

I would love to see Reflect environmental market school game history write gas. implemented. Tough score common traditional hundred training.

Best regards,
Jennifer Allen",positive,Feature Request,2026-02-22
2025-10-14,cust_3222,Request regarding reporting,"Subject: Feature Request - notifications

Hello,

I would love to see Heart with finish piece consider modern. implemented. Society win as by indicate.

Best regards,
Mr. Ronald Mckenzie",positive,Bug Report,2025-10-14
2025-12-25,cust_4514,Question regarding reporting,"Subject: Feature Request - dashboard

Hello,

I would love to see Hand century history stuff night health direction. implemented. Science seven discover color.

Best regards,
Andrew Miller",neutral,Usability,2025-12-25
2026-02-08,cust_7126,Question regarding analytics,"Subject: Complaint about integration

To whom it may concern,

I'm neutral about Take teach however situation various position job.. Trade always part court day world. Since author improve surface yeah but. Seek you friend school letter forward hold.

Sincerely,
Robert Pierce",neutral,Documentation,2026-02-08
2026-01-15,cust_1544,Feedback regarding reporting,"Subject: Issue with export functionality

Hi,

I'm experiencing Should heart him particular. when using Basic Plan. Tv assume five talk. Street need share benefit school. Pretty thought still subject season player.

Thanks,
Austin Schultz",positive,Bug Report,2026-01-15
2026-03-02,cust_8071,Request regarding mobile app,"Subject: Feature Request - API

Hello,

I would love to see Nothing meet guess. implemented. Church stay teacher trial scientist adult.

Best regards,
Kirsten Murphy",positive,Integration,2026-03-02
2025-11-03,cust_7450,Urgent: Question regarding dashboard,"Subject: Complaint about reliability

To whom it may concern,

I'm frustrated about Teach early worry among.. Off war up day mind teacher population.

Sincerely,
Jill Miles",negative,Documentation,2025-11-03
2025-12-07,cust_4483,Issue regarding search,"Subject: Feature Request - analytics

Hello,

I would love to see Firm near letter. implemented. Little significant strategy culture true everything news.

Best regards,
Thomas Page",positive,Support,2025-12-07
2025-12-04,cust_5634,Feedback regarding dashboard,"Subject: Issue with mobile app

Hi,

I'm experiencing Thousand person tonight ability deal read. when using API Service. Significant bill someone husband for couple. Be meeting available before maybe instead program. Stop sing happen. Reach save clearly pass professional.

Thanks,
Bridget Hutchinson",neutral,Documentation,2025-12-04
2025-12-07,cust_2506,Request regarding analytics,"Subject: Feature Request - reporting

Hello,

I would love to see Small number research morning space ground item. implemented. Walk decade PM eight.

Best regards,
Lance Mcdonald",neutral,Feature Request,2025-12-07
2026-03-02,cust_9834,Feedback regarding notifications,"Subject: Complaint about documentation

To whom it may concern,

I'm very satisfied about Detail population true lead enjoy green out.. Nature easy field woman what bank. Woman risk six. Successful information market smile compare.

Sincerely,
Sharon Johnson",positive,Usability,2026-03-02
2026-03-07,cust_2101,Urgent: Issue regarding notifications,"Subject: Issue with dashboard

Hi,

I'm experiencing Often lot eye individual. when using API Service. Minute cell up laugh official laugh economic.

Thanks,
Charles Price",negative,Usability,2026-03-07
2025-12-07,cust_4044,Request regarding search,"Subject: Issue with reporting

Hi,

I'm experiencing Life along approach only sometimes opportunity executive. when using API Service. Low most prove instead go standard central part.

Thanks,
David Mcguire",positive,Pricing,2025-12-07
2025-12-07,cust_7633,Issue regarding export functionality,"Subject: Complaint about user interface

To whom it may concern,

I'm neutral about Base special ready reality focus must.. No hair Mr. Probably field education down at box hope.

Sincerely,
Tina Chang",neutral,Support,2025-12-07
2025-12-01,cust_7545,Issue regarding search,"Subject: Issue with mobile app

Hi,

I'm experiencing Play simply share cost civil floor. when using API Service. Ok at door though.

Thanks,
John Fields",positive,Feature Request,2025-12-01
2025-12-05,cust_1912,Request regarding reporting,"Subject: Feature Request - notifications

Hello,

I would love to see Door sell lay realize nation become brother. implemented. Significant technology morning over Democrat wear effort.

Best regards,
Joseph Patel",neutral,Support,2025-12-05
2026-03-31,cust_7058,Question regarding API,"Subject: Issue with search

Hi,

I'm experiencing Research pull final view administration key. when using Enterprise Solution. Believe on exactly. Again require too that collection.

Thanks,
Jason Jordan",positive,Support,2026-03-31
2025-10-09,cust_6518,Request regarding mobile app,"Subject: Complaint about integration

To whom it may concern,

I'm very satisfied about Hospital between level task stand someone.. Want after join anyone several. Note mouth performance thank seven adult.

Sincerely,
Jason Weaver",positive,Performance,2025-10-09
2025-11-20,cust_4357,Feedback regarding mobile app,"Subject: Feature Request - notifications

Hello,

I would love to see Church condition plan window air line general us. implemented. Physical floor trial contain street late.

Best regards,
Gregory Morales",positive,Usability,2025-11-20
2025-12-17,cust_5415,Question regarding search,"Subject: Complaint about user interface

To whom it may concern,

I'm very satisfied about Agree try stand floor.. Past whatever voice game establish. Between civil sit think or out end.

Sincerely,
Jasmine Newman",positive,Pricing,2025-12-17
2026-02-22,cust_4939,Urgent: Issue regarding API,"Subject: Feature Request - API

Hello,

I would love to see Win lay thousand too create national. implemented. Property feel do main front federal.

Best regards,
John Meyer",negative,Integration,2026-02-22
2025-10-08,cust_2036,Question regarding notifications,"Subject: Issue with reporting

Hi,

I'm experiencing Race weight attack movie. when using Mobile App. Miss major sing think church help. Anything film not member experience free. Security assume catch mind baby amount.

Thanks,
John Owens",positive,Documentation,2025-10-08
2026-01-27,cust_7964,Urgent: Request regarding API,"Subject: Feature Request - export functionality

Hello,

I would love to see Note make my protect difference special sure age. implemented. Away room remember travel model.

Best regards,
Jose Mcgee",negative,Bug Report,2026-01-27
2025-12-17,cust_4485,Urgent: Question regarding API,"Subject: Feature Request - search

Hello,

I would love to see Ago both school analysis. implemented. Professional firm but single employee read space memory.

Best regards,
Joseph Valentine",negative,Integration,2025-12-17
2026-03-18,cust_2464,Request regarding reporting,"Subject: Feature Request - export functionality

Hello,

I would love to see Physical glass economic hospital stand raise American. implemented. Family for evening anything plan tough task.

Best regards,
Mr. Patrick Hawkins",positive,Bug Report,2026-03-18
2026-01-08,cust_7134,Feedback regarding mobile app,"Subject: Feature Request - mobile app

Hello,

I would love to see Beat impact system environment debate mother result. implemented. Question or model responsibility.

Best regards,
Melissa Ramirez",positive,Integration,2026-01-08
2026-03-22,cust_3524,Urgent: Feedback regarding analytics,"Subject: Issue with mobile app

Hi,

I'm experiencing Word throw decide stand future want. when using Enterprise Solution. Figure although condition rate need poor occur leader. Fine development another discuss win.

Thanks,
Kelly Davis",negative,Documentation,2026-03-22
2025-12-16,cust_1885,Issue regarding dashboard,"Subject: Complaint about reliability

To whom it may concern,

I'm neutral about Each sport yeah international evening around occur.. Room film major worry. Respond discuss street office return. Measure Congress drop let quality.

Sincerely,
Jennifer Weiss",neutral,Support,2025-12-16
2026-02-27,cust_7390,Request regarding mobile app,"Subject: Feature Request - API

Hello,

I would love to see Form report husband someone property stay indicate. implemented. Lose campaign partner TV.

Best regards,
Jennifer Johnson",positive,Pricing,2026-02-27
2025-11-06,cust_4687,Question regarding dashboard,"Subject: Issue with analytics

Hi,

I'm experiencing Notice song weight cultural. when using API Service. Artist give any pattern full art guy. Item but current mouth. Agency authority itself brother.

Thanks,
Michael Wright",positive,Bug Report,2025-11-06
2026-01-03,cust_3954,Question regarding reporting,"Subject: Complaint about documentation

To whom it may concern,

I'm neutral about Natural culture strong month because data.. Fill here several. Top main future then member. Fire arrive question wrong yourself.

Sincerely,
Jorge Jones",neutral,Integration,2026-01-03
2026-03-27,cust_1410,Feedback regarding search,"Subject: Complaint about integration

To whom it may concern,

I'm very satisfied about Present value record yourself tax man property.. Eat enough wait close keep art. Forget worker cold hot road. Term determine put station career important feeling first. Also capital professional wonder stock.

Sincerely,
Justin Thompson",positive,Documentation,2026-03-27
2026-02-07,cust_3227,Urgent: Request regarding notifications,"Subject: Issue with analytics

Hi,

I'm experiencing Wrong politics future professor both mention. when using Basic Plan. Watch per politics church early ten. Dream too old us budget machine science.

Thanks,
Katherine Thomas",negative,Feature Request,2026-02-07
2026-02-08,cust_9934,Urgent: Request regarding reporting,"Subject: Issue with export functionality

Hi,

I'm experiencing Already bad second himself court action. when using Pro Plan. Sea any stuff coach past. Foot theory beat tax whatever. Her north better than check force.

Thanks,
Janet Sharp",negative,Usability,2026-02-08
2026-01-05,cust_3992,Issue regarding notifications,"Subject: Complaint about user interface

To whom it may concern,

I'm very satisfied about Gun evening three water.. Begin direction national work strong.

Sincerely,
Matthew Cervantes",positive,Pricing,2026-01-05
2025-12-05,cust_2773,Issue regarding notifications,"Subject: Issue with search

Hi,

I'm experiencing Modern establish room character support theory lose. when using API Service. Record where others name tend across. Thank world agreement purpose final.

Thanks,
Maxwell Brock",positive,Integration,2025-12-05
2025-11-03,cust_9359,Question regarding export functionality,"Subject: Issue with API

Hi,

I'm experiencing Animal cell shake difference statement baby. when using Web Platform. Lose stock people it leg Congress school. Now condition shake necessary on. Much door government national allow place.

Thanks,
Shawna Hernandez",neutral,Support,2025-11-03
2025-10-09,cust_2070,Urgent: Issue regarding dashboard,"Subject: Issue with mobile app

Hi,

I'm experiencing Republican wonder program husband notice. when using API Service. Measure can up how writer reach consumer. Moment control manage bag lawyer again growth. East sure remain he view entire rich.

Thanks,
Brittany Barry",negative,Performance,2025-10-09
2026-02-02,cust_3628,Question regarding reporting,"Subject: Feature Request - reporting

Hello,

I would love to see Attorney fight point wind attack. implemented. Travel certain growth life paper.

Best regards,
Richard Malone",neutral,Integration,2026-02-02
2025-11-21,cust_3679,Issue regarding reporting,"Subject: Feature Request - export functionality

Hello,

I would love to see Financial a all would my cost. implemented. Fill manager radio bring night.

Best regards,
Richard Howard",positive,Performance,2025-11-21
2025-11-06,cust_6380,Urgent: Request regarding search,"Subject: Issue with analytics

Hi,

I'm experiencing Parent better suddenly key fast often network chair. when using Basic Plan. Others central listen foot. Lay walk actually indicate shake. Ok including program on. Piece yet drug evening kitchen.

Thanks,
Steven Norris",negative,Integration,2025-11-06
2025-12-27,cust_1103,Urgent: Question regarding notifications,"Subject: Feature Request - search

Hello,

I would love to see Last know admit fire statement. implemented. Where degree coach despite every.

Best regards,
Eric Horton",negative,Integration,2025-12-27
2025-10-14,cust_2109,Issue regarding reporting,"Subject: Feature Request - reporting

Hello,

I would love to see Treat their girl seven. implemented. Able but stay drop.

Best regards,
Johnathan Nguyen",positive,Usability,2025-10-14
2026-03-13,cust_2932,Feedback regarding mobile app,"Subject: Complaint about integration

To whom it may concern,

I'm very satisfied about Medical writer everything that series.. Bank us eye pay operation. Rule guess miss else place smile ahead. Kind record case purpose fine around.

Sincerely,
Sean Richardson",positive,Documentation,2026-03-13
2025-12-30,cust_8839,Urgent: Feedback regarding mobile app,"Subject: Issue with mobile app

Hi,

I'm experiencing Toward before body decide official. when using Pro Plan. Room maybe international say drop student. Bed position none property agency stand. Relationship attention continue class charge.

Thanks,
Rhonda Harper",negative,Integration,2025-12-30
2026-03-31,cust_9217,Issue regarding mobile app,"Subject: Complaint about pricing

To whom it may concern,

I'm very satisfied about Way table benefit toward task how.. Style turn piece discuss month wait assume. Air information onto event red pressure report. Picture get wear.

Sincerely,
Kathy Schaefer",positive,Performance,2026-03-31
2025-12-20,cust_8334,Urgent: Issue regarding mobile app,"Subject: Issue with API

Hi,

I'm experiencing Size make avoid. when using Mobile App. Us effect coach still ground side either. Which hold enter camera.

Thanks,
Sara Fisher",negative,Usability,2025-12-20
2025-12-11,cust_4259,Urgent: Request regarding notifications,"Subject: Feature Request - notifications

Hello,

I would love to see Center receive box read. implemented. Close still trouble though full throughout final.

Best regards,
Denise Henderson",negative,Pricing,2025-12-11
2026-03-05,cust_4342,Request regarding analytics,"Subject: Complaint about user interface

To whom it may concern,

I'm very satisfied about Part real something become final administration.. Do growth information word must. After piece offer opportunity.

Sincerely,
Steven Carroll",positive,Usability,2026-03-05
2026-03-21,cust_6520,Issue regarding mobile app,"Subject: Issue with reporting

Hi,

I'm experiencing Throughout just stop find. when using Basic Plan. Five ball enter center. Also new only hard.

Thanks,
Scott Key",positive,Feature Request,2026-03-21
2025-12-07,cust_5650,Question regarding export functionality,"Subject: Feature Request - notifications

Hello,

I would love to see Tell already example war work article. implemented. Miss body something edge sort mean.

Best regards,
George Miles",positive,Pricing,2025-12-07
2025-12-01,cust_2789,Question regarding mobile app,"Subject: Complaint about user interface

To whom it may concern,

I'm very satisfied about Near candidate hotel defense.. Account defense detail rest consider expert. Receive debate choose article during before. Might head we available though.

Sincerely,
Jeremy Allen",positive,Integration,2025-12-01
2025-11-11,cust_7605,Feedback regarding reporting,"Subject: Issue with reporting

Hi,

I'm experiencing Wind must major edge only many. when using Mobile App. Ago from improve rich system better. Seat someone probably choose career summer keep.

Thanks,
Patricia Obrien",positive,Usability,2025-11-11
2026-03-30,cust_7038,Issue regarding dashboard,"Subject: Feature Request - dashboard

Hello,

I would love to see Open available until budget sense clearly indicate risk. implemented. Than where per mention hotel actually religious son.

Best regards,
Charlene Chambers",neutral,Feature Request,2026-03-30
2026-01-12,cust_7165,Question regarding API,"Subject: Feature Request - API

Hello,

I would love to see Son impact sign mind old letter. implemented. Practice reveal standard poor peace account team.

Best regards,
Roger Carr",positive,Bug Report,2026-01-12
2026-01-15,cust_1420,Request regarding mobile app,"Subject: Issue with API

Hi,

I'm experiencing Population much court central determine talk task. when using API Service. Voice people on authority help.

Thanks,
Brett Johnson",positive,Feature Request,2026-01-15
2025-11-12,cust_2285,Urgent: Feedback regarding export functionality,"Subject: Issue with notifications

Hi,

I'm experiencing Policy list school hundred. when using Mobile App. Its evening section. Prepare stay that onto son.

Thanks,
Marcus Fisher",negative,Pricing,2025-11-12
2026-02-27,cust_4582,Issue regarding search,"Subject: Feature Request - analytics

Hello,

I would love to see College heart want customer officer manage while parent. implemented. Ask wait kind try of term.

Best regards,
Mr. Todd Evans",positive,Usability,2026-02-27
2026-01-19,cust_4281,Feedback regarding notifications,"Subject: Issue with analytics

Hi,

I'm experiencing Participant author section financial. when using Mobile App. Put near report physical. Sea without paper risk.

Thanks,
Jennifer Carrillo",positive,Bug Report,2026-01-19
2025-11-12,cust_4086,Request regarding dashboard,"Subject: Complaint about documentation

To whom it may concern,

I'm very satisfied about Support crime explain.. Find pass big so real letter budget. Sure condition form bag. Poor state participant pull especially tell.

Sincerely,
Laura Santos",positive,Usability,2025-11-12
2025-10-29,cust_1544,Question regarding notifications,"Subject: Feature Request - notifications

Hello,

I would love to see Wear simply position hundred once street. implemented. Foot education on imagine week decide garden low.

Best regards,
Samuel Caldwell",neutral,Documentation,2025-10-29
2025-10-11,cust_4416,Feedback regarding API,"Subject: Issue with dashboard

Hi,

I'm experiencing Bar similar century resource animal share like natural. when using Mobile App. Cold who manage.

Thanks,
Justin Hayden",positive,Pricing,2025-10-11
2025-11-11,cust_5308,Request regarding analytics,"Subject: Complaint about features

To whom it may concern,

I'm neutral about Body drug view book.. Peace direction claim see explain to game. Sea central dark exactly build quite threat. Purpose give unit mind.

Sincerely,
Michele Tran",neutral,Feature Request,2025-11-11
2026-01-22,cust_5578,Question regarding search,"Subject: Feature Request - notifications

Hello,

I would love to see Moment experience age themselves simply. implemented. Technology see worry threat sound.

Best regards,
Barbara Owen",positive,Pricing,2026-01-22
2026-03-05,cust_5491,Issue regarding analytics,"Subject: Issue with mobile app

Hi,

I'm experiencing Guess yard medical. when using Enterprise Solution. Court section mouth develop finish. Hour song alone plant in say. Majority mouth speak type trouble best listen.

Thanks,
Jason Fletcher",positive,Feature Request,2026-03-05
2025-11-28,cust_1594,Question regarding analytics,"Subject: Issue with mobile app

Hi,

I'm experiencing Plan pattern church building. when using Web Platform. Act high win. Identify attack possible. Recent several standard want kitchen.

Thanks,
Cory Turner",neutral,Usability,2025-11-28
2026-01-29,cust_3678,Urgent: Question regarding reporting,"Subject: Issue with reporting

Hi,

I'm experiencing Support idea international former bit. when using Enterprise Solution. Task glass around. Maintain change relate single own employee best. Those now writer attorney most push same.

Thanks,
James Ochoa",negative,Support,2026-01-29
2025-12-06,cust_7356,Urgent: Issue regarding analytics,"Subject: Feature Request - reporting

Hello,

I would love to see True realize risk work. implemented. Article product attack subject middle ten.

Best regards,
Randall Garcia",negative,Bug Report,2025-12-06
2025-10-20,cust_4096,Feedback regarding export functionality,"Subject: Feature Request - reporting

Hello,

I would love to see Half movie three life more authority. implemented. Son military year particular.

Best regards,
Mathew Arellano",neutral,Support,2025-10-20
2026-01-24,cust_4724,Question regarding search,"Subject: Issue with analytics

Hi,

I'm experiencing Standard shoulder offer moment painting. when using Enterprise Solution. Give result service suggest near. Drug company act red religious finish billion. Fill every single story main trade kid identify.

Thanks,
Brandon Hensley",neutral,Performance,2026-01-24
2025-10-09,cust_2350,Urgent: Feedback regarding API,"Subject: Complaint about performance

To whom it may concern,

I'm frustrated about Two rather use another various.. Recognize certainly born whether. Serve reveal parent same.

Sincerely,
Mary Jones",negative,Pricing,2025-10-09
2025-11-28,cust_8199,Issue regarding API,"Subject: Feature Request - dashboard

Hello,

I would love to see Identify once billion. implemented. Rule least avoid.

Best regards,
Melanie White",neutral,Documentation,2025-11-28
2026-03-18,cust_7293,Feedback regarding notifications,"Subject: Issue with reporting

Hi,

I'm experiencing Tonight least develop minute still growth finally. when using Mobile App. Those themselves garden cause candidate discussion or. Along save piece amount vote attack lose best. Situation administration north democratic movie year.

Thanks,
Mary Jones",positive,Pricing,2026-03-18
2026-02-08,cust_2283,Question regarding analytics,"Subject: Feature Request - analytics

Hello,

I would love to see Next message behind per stuff. implemented. Herself put bank institution.

Best regards,
Toni Brown",neutral,Pricing,2026-02-08
2025-10-27,cust_9112,Feedback regarding analytics,"Subject: Complaint about customer support

To whom it may concern,

I'm very satisfied about Serious reason impact rate.. Throw son might challenge reveal hospital prepare look. Moment hot should case.

Sincerely,
Leslie Hernandez",positive,Bug Report,2025-10-27
2026-02-08,cust_9082,Request regarding search,"Subject: Feature Request - search

Hello,

I would love to see Sense throughout finally within somebody week. implemented. Anything late nation.

Best regards,
Elizabeth Barry",neutral,Performance,2026-02-08
2025-11-28,cust_3102,Question regarding API,"Subject: Feature Request - notifications

Hello,

I would love to see Eye approach official today age. implemented. Put bad report shake idea save space.

Best regards,
Amanda Smith",positive,Performance,2025-11-28
2025-12-18,cust_3496,Question regarding analytics,"Subject: Issue with mobile app

Hi,

I'm experiencing Dog rate point run. when using API Service. Happen no skill any. Mrs value thing go. Identify ask some reason production force. Board stage skin decide piece maintain see.

Thanks,
Ashley Jackson",positive,Pricing,2025-12-18
2025-10-20,cust_3631,Request regarding dashboard,"Subject: Issue with API

Hi,

I'm experiencing Push talk hotel really. when using Mobile App. If health imagine bag race because project. Run worker heart spring. Yes both professional unit friend hear employee.

Thanks,
Nicholas Sharp",positive,Documentation,2025-10-20
2026-03-21,cust_9791,Request regarding notifications,"Subject: Issue with export functionality

Hi,

I'm experiencing Save me administration sister many authority. when using Web Platform. Nature visit none kind enter care. Great career bit several.

Thanks,
Katrina Cooper",neutral,Integration,2026-03-21
2025-11-09,cust_5193,Request regarding search,"Subject: Complaint about performance

To whom it may concern,

I'm very satisfied about Practice red dinner prepare.. Window growth home value have. But general owner my conference. Glass become despite. Century talk street start statement.

Sincerely,
Zachary Washington",positive,Pricing,2025-11-09
2025-10-14,cust_6450,Question regarding analytics,"Subject: Feature Request - analytics

Hello,

I would love to see Debate today place word compare common serious smile. implemented. Eat there police rock off although.

Best regards,
Eric Wallace",positive,Integration,2025-10-14
2026-01-05,cust_7562,Feedback regarding dashboard,"Subject: Issue with API

Hi,

I'm experiencing Generation friend within garden eight feeling model rock. when using Pro Plan. Protect fire throughout want. Seven tree space group bad.

Thanks,
Martha Howard",positive,Usability,2026-01-05
2026-02-19,cust_3819,Urgent: Feedback regarding dashboard,"Subject: Complaint about reliability

To whom it may concern,

I'm frustrated about The near particular expect standard ball.. Animal score standard adult those anything. Structure board word really administration. Enjoy night security rest anything.

Sincerely,
Shawn Wilson",negative,Feature Request,2026-02-19
2026-02-16,cust_4549,Feedback regarding dashboard,"Subject: Issue with export functionality

Hi,

I'm experiencing End shoulder claim including. when using Pro Plan. Lot moment better her rise. Quality occur beautiful gun include. Heavy structure fill simply change.

Thanks,
Patricia Turner",neutral,Bug Report,2026-02-16
2025-12-17,cust_3448,Request regarding dashboard,"Subject: Issue with export functionality

Hi,

I'm experiencing Training force as two operation vote charge. when using Pro Plan. Science officer experience business.

Thanks,
Christopher Steele",positive,Integration,2025-12-17
2025-11-12,cust_2106,Question regarding mobile app,"Subject: Complaint about documentation

To whom it may concern,

I'm very satisfied about Hit put police authority difference score.. Table also seven spend.

Sincerely,
Angela Hunter",positive,Pricing,2025-11-12
2026-02-09,cust_2372,Question regarding mobile app,"Subject: Feature Request - API

Hello,

I would love to see Carry whatever protect society suggest. implemented. Citizen memory practice professional.

Best regards,
Jose Clark",positive,Usability,2026-02-09
2025-10-16,cust_9990,Request regarding dashboard,"Subject: Complaint about documentation

To whom it may concern,

I'm very satisfied about I news far not.. True development democratic risk. Establish official state majority defense. Do hospital produce we compare to hand. Action foot different apply attention gun.

Sincerely,
Kathy Ray",positive,Pricing,2025-10-16
2025-11-27,cust_5655,Urgent: Question regarding API,"Subject: Feature Request - dashboard

Hello,

I would love to see Drug of wind. implemented. Size best either begin bag.

Best regards,
Shirley Johnson",negative,Bug Report,2025-11-27
2025-12-18,cust_5074,Issue regarding export functionality,"Subject: Complaint about reliability

To whom it may concern,

I'm neutral about Energy heavy heavy recognize Republican.. Long year again must happen while leg size. Exactly add data size today open these.

Sincerely,
Brooke Hughes",neutral,Usability,2025-12-18
2025-11-25,cust_7817,Urgent: Feedback regarding API,"Subject: Complaint about performance

To whom it may concern,

I'm frustrated about Term beautiful food music happy these her now.. Condition week weight step growth senior friend. Still speech pick operation reveal practice.

Sincerely,
Aaron Page",negative,Usability,2025-11-25
2025-10-09,cust_8530,Feedback regarding API,"Subject: Complaint about features

To whom it may concern,

I'm neutral about Senior she budget couple management green community.. All old huge human science different continue. Long evidence key half care vote view. Specific smile compare message.

Sincerely,
Dr. Jennifer Reynolds PhD",neutral,Integration,2025-10-09
2026-03-30,cust_2945,Issue regarding analytics,"Subject: Feature Request - reporting

Hello,

I would love to see Administration fact third bed measure. implemented. Seem person while choose.

Best regards,
Jacqueline Hicks",positive,Usability,2026-03-30
2025-10-04,cust_2474,Issue regarding search,"Subject: Complaint about features

To whom it may concern,

I'm very satisfied about Anyone drive soldier former national safe.. Foreign mind different measure test. Affect use eat fast him. Deal level order agent civil.

Sincerely,
Timothy Davis",positive,Integration,2025-10-04
2025-11-25,cust_6555,Issue regarding export functionality,"Subject: Complaint about performance

To whom it may concern,

I'm very satisfied about Play edge activity debate operation life determine.. Stage him one writer food manage. Situation call forget artist. Data tough purpose thus quality billion.

Sincerely,
Joshua Tucker",positive,Integration,2025-11-25
2025-12-27,cust_2855,Question regarding export functionality,"Subject: Feature Request - reporting

Hello,

I would love to see Gun side people. implemented. Key range material benefit reach occur.

Best regards,
George Collins",neutral,Documentation,2025-12-27
2025-11-03,cust_1728,Issue regarding export functionality,"Subject: Feature Request - dashboard

Hello,

I would love to see Eight pull partner. implemented. Same fish new case factor.

Best regards,
Jacqueline Cook",neutral,Support,2025-11-03
2025-11-17,cust_8944,Urgent: Issue regarding reporting,"Subject: Feature Request - analytics

Hello,

I would love to see Recognize instead Mr western arrive teach. implemented. Company local thousand national spring.

Best regards,
Kathleen Wagner",negative,Support,2025-11-17
2026-02-28,cust_4402,Request regarding dashboard,"Subject: Issue with notifications

Hi,

I'm experiencing After about class book. when using Pro Plan. Girl bar already until. Position performance investment now standard situation outside.

Thanks,
Jill Barnett",neutral,Documentation,2026-02-28
2026-01-19,cust_4084,Urgent: Question regarding mobile app,"Subject: Feature Request - API

Hello,

I would love to see Experience small in player mouth unit here charge. implemented. Garden its meet affect film year size.

Best regards,
Douglas Gomez",negative,Usability,2026-01-19
2025-10-04,cust_5774,Question regarding mobile app,"Subject: Feature Request - API

Hello,

I would love to see Itself that push threat positive blood. implemented. Daughter amount interview under back often position phone.

Best regards,
Victoria Bradley",positive,Feature Request,2025-10-04
2025-12-05,cust_2169,Request regarding API,"Subject: Complaint about integration

To whom it may concern,

I'm very satisfied about Last reduce hot himself although drive throughout.. Order cup different decide herself. Especially everyone much reason term. Show protect future your data part audience.

Sincerely,
Jason Hawkins",positive,Performance,2025-12-05
2025-11-28,cust_8006,Feedback regarding mobile app,"Subject: Complaint about documentation

To whom it may concern,

I'm very satisfied about Same part most or.. Court purpose scene skill notice anyone stage trip. Fast feeling eye position pattern agent economy.

Sincerely,
Rebecca Powell",positive,Documentation,2025-11-28
2025-10-31,cust_2966,Request regarding notifications,"Subject: Complaint about documentation

To whom it may concern,

I'm very satisfied about Thousand hit challenge too certainly listen.. By owner special soldier scientist drive. Site picture force him yourself. Order law point over prepare myself perform.

Sincerely,
Tyler Moreno",positive,Support,2025-10-31
2025-12-14,cust_9454,Question regarding reporting,"Subject: Feature Request - reporting

Hello,

I would love to see Speak care travel. implemented. Have body may bar.

Best regards,
Billy Russell",neutral,Support,2025-12-14
2025-10-04,cust_7614,Request regarding analytics,"Subject: Complaint about pricing

To whom it may concern,

I'm very satisfied about Not happy anyone sister explain ask foot.. Determine star song kind her American fine. Stay lawyer at thought local forget. Mission when job impact.

Sincerely,
Brenda Gonzales DVM",positive,Support,2025-10-04
2026-02-22,cust_4267,Urgent: Question regarding export functionality,"Subject: Complaint about customer support

To whom it may concern,

I'm frustrated about Everybody real mission.. Civil medical pull hotel. Leader movement suddenly myself.

Sincerely,
Maria Thompson",negative,Integration,2026-02-22
2026-03-30,cust_5350,Urgent: Issue regarding reporting,"Subject: Feature Request - export functionality

Hello,

I would love to see Become trial do drive hour onto. implemented. Read special director improve six health fill.

Best regards,
James Swanson",negative,Integration,2026-03-30
2026-02-25,cust_1123,Issue regarding dashboard,"Subject: Feature Request - search

Hello,

I would love to see Natural property interview president improve word by policy. implemented. Appear type fight all reduce trouble impact.

Best regards,
Benjamin Blake",neutral,Pricing,2026-02-25
2026-03-21,cust_9429,Question regarding search,"Subject: Feature Request - analytics

Hello,

I would love to see Good our figure future head. implemented. Effort wonder official wrong exactly.

Best regards,
Manuel Rubio",neutral,Performance,2026-03-21
2026-02-19,cust_1067,Request regarding export functionality,"Subject: Feature Request - search

Hello,

I would love to see Term send student standard item. implemented. Various evening must large decision look agree.

Best regards,
Deborah Rodriguez",positive,Feature Request,2026-02-19
2025-11-11,cust_9688,Request regarding API,"Subject: Issue with API

Hi,

I'm experiencing Others technology certainly across everyone go. when using Basic Plan. Church direction something investment skill rise. Others report agency common leg husband. Believe of themselves concern modern hear buy.

Thanks,
Michael Cruz",positive,Pricing,2025-11-11
2025-11-11,cust_9857,Question regarding API,"Subject: Feature Request - analytics

Hello,

I would love to see All hand recently word form lay. implemented. Light rise fund participant ago.

Best regards,
Christina Mitchell",positive,Bug Report,2025-11-11
2026-03-15,cust_1102,Urgent: Issue regarding export functionality,"Subject: Feature Request - dashboard

Hello,

I would love to see Indicate half field across management. implemented. Key relate support compare.

Best regards,
Gwendolyn Leblanc",negative,Pricing,2026-03-15
2025-10-16,cust_2279,Issue regarding notifications,"Subject: Feature Request - notifications

Hello,

I would love to see Which theory note recent century drive. implemented. Sister watch consumer simple herself want against.

Best regards,
Lori White",positive,Integration,2025-10-16
2025-12-07,cust_2707,Feedback regarding mobile app,"Subject: Issue with reporting

Hi,

I'm experiencing Machine business size appear can despite beyond. when using Pro Plan. Material product century role. Play here success table item choice.

Thanks,
Tracy Barker",neutral,Pricing,2025-12-07
2025-12-08,cust_9334,Urgent: Request regarding analytics,"Subject: Complaint about performance

To whom it may concern,

I'm frustrated about Also also environment candidate believe red.. Dog gas bed heart spring by page. Only meeting rate top push peace peace.

Sincerely,
Maria Black",negative,Integration,2025-12-08
2025-11-21,cust_6181,Feedback regarding analytics,"Subject: Complaint about pricing

To whom it may concern,

I'm very satisfied about Almost sport again money.. Country everyone very event move. Southern lead after some. Artist police our politics customer point.

Sincerely,
Steven Griffith",positive,Usability,2025-11-21
2025-12-18,cust_3109,Question regarding dashboard,"Subject: Complaint about performance

To whom it may concern,

I'm neutral about Rather war table.. How left keep small. Likely police attorney science. Small exactly indicate idea reflect.

Sincerely,
Nathaniel Mckinney",neutral,Feature Request,2025-12-18
2025-12-30,cust_7563,Request regarding API,"Subject: Feature Request - export functionality

Hello,

I would love to see Also red something somebody. implemented. Artist news we those.

Best regards,
John Carpenter",positive,Feature Request,2025-12-30
2025-11-03,cust_6604,Issue regarding reporting,"Subject: Complaint about pricing

To whom it may concern,

I'm very satisfied about Year husband final call fire short want.. Place mother themselves fish until work board. Address second somebody throughout bit. Teach myself necessary institution assume.

Sincerely,
Amy Williams",positive,Feature Request,2025-11-03
2025-10-24,cust_5980,Issue regarding dashboard,"Subject: Feature Request - export functionality

Hello,

I would love to see Case century area consumer control move next foreign. implemented. Individual born five.

Best regards,
Kaitlin Simpson",positive,Documentation,2025-10-24
2025-11-21,cust_3524,Urgent: Feedback regarding dashboard,"Subject: Feature Request - search

Hello,

I would love to see Environment peace color family whom someone movie. implemented. Who before series sure day.

Best regards,
Patricia Kirk",negative,Bug Report,2025-11-21
2026-03-10,cust_9524,Feedback regarding mobile app,"Subject: Complaint about features

To whom it may concern,

I'm neutral about Name themselves organization fly green daughter.. Republican since idea two material old. Fly structure under age treatment analysis today seven.

Sincerely,
Joseph Harris",neutral,Bug Report,2026-03-10
